{"frame550.jpg": {"driver_state": "yawning", "landmarks": [[41, 79], [133, 72], [87, 104], [58, 190], [131, 182]]}, "frame461.jpg": {"driver_state": "alert", "landmarks": [[44, 114], [142, 110], [82, 163], [55, 233], [128, 229]]}, "frame226.jpg": {"driver_state": "alert", "landmarks": [[44, 118], [143, 114], [89, 160], [59, 228], [137, 223]]}, "frame481.jpg": {"driver_state": "alert", "landmarks": [[45, 112], [144, 109], [87, 163], [58, 233], [132, 230]]}, "frame336.jpg": {"driver_state": "yawning", "landmarks": [[45, 87], [141, 77], [96, 109], [67, 202], [145, 192]]}, "frame428.jpg": {"driver_state": "alert", "landmarks": [[22, 113], [117, 106], [48, 160], [34, 228], [112, 220]]}, "frame68.jpg": {"driver_state": "alert", "landmarks": [[58, 110], [155, 107], [114, 137], [74, 222], [149, 219]]}, "frame463.jpg": {"driver_state": "alert", "landmarks": [[43, 117], [142, 113], [81, 167], [56, 237], [129, 233]]}, "frame113.jpg": {"driver_state": "yawning", "landmarks": [[47, 65], [122, 61], [81, 85], [60, 160], [119, 155]]}, "frame232.jpg": {"driver_state": "alert", "landmarks": [[44, 116], [142, 107], [88, 158], [62, 228], [138, 219]]}, "frame214.jpg": {"driver_state": "alert", "landmarks": [[46, 119], [148, 106], [95, 162], [68, 233], [147, 220]]}, "frame454.jpg": {"driver_state": "alert", "landmarks": [[40, 117], [138, 112], [80, 164], [53, 234], [128, 229]]}, "frame44.jpg": {"driver_state": "alert", "landmarks": [[51, 95], [148, 97], [104, 122], [64, 197], [139, 198]]}, "frame444.jpg": {"driver_state": "alert", "landmarks": [[34, 109], [135, 105], [73, 154], [46, 227], [125, 222]]}, "frame116.jpg": {"driver_state": "yawning", "landmarks": [[47, 67], [123, 62], [82, 87], [61, 162], [119, 157]]}, "frame167.jpg": {"driver_state": "yawning", "landmarks": [[50, 120], [150, 107], [102, 147], [68, 234], [154, 222]]}, "frame528.jpg": {"driver_state": "yawning", "landmarks": [[42, 71], [135, 66], [86, 99], [59, 186], [130, 182]]}, "frame511.jpg": {"driver_state": "yawning", "landmarks": [[44, 87], [133, 78], [85, 124], [61, 204], [129, 197]]}, "frame416.jpg": {"driver_state": "alert", "landmarks": [[32, 108], [130, 100], [69, 150], [48, 216], [130, 208]]}, "frame589.jpg": {"driver_state": "yawning", "landmarks": [[48, 110], [144, 100], [95, 149], [71, 229], [140, 222]]}, "frame132.jpg": {"driver_state": "yawning", "landmarks": [[47, 69], [124, 65], [85, 88], [61, 163], [120, 159]]}, "frame108.jpg": {"driver_state": "yawning", "landmarks": [[45, 78], [125, 71], [83, 98], [62, 176], [123, 169]]}, "frame389.jpg": {"driver_state": "yawning", "landmarks": [[51, 115], [145, 101], [94, 154], [79, 245], [147, 233]]}, "frame24.jpg": {"driver_state": "alert", "landmarks": [[52, 107], [149, 105], [103, 142], [66, 214], [141, 211]]}, "frame642.jpg": {"driver_state": "alert", "landmarks": [[50, 105], [148, 100], [102, 158], [67, 217], [142, 213]]}, "frame291.jpg": {"driver_state": "yawning", "landmarks": [[49, 112], [145, 106], [98, 146], [67, 230], [140, 224]]}, "frame670.jpg": {"driver_state": "alert", "landmarks": [[45, 112], [145, 111], [91, 160], [55, 221], [138, 218]]}, "frame182.jpg": {"driver_state": "alert", "landmarks": [[48, 117], [146, 113], [95, 177], [56, 222], [143, 219]]}, "frame585.jpg": {"driver_state": "yawning", "landmarks": [[49, 112], [144, 101], [97, 148], [71, 230], [140, 223]]}, "frame565.jpg": {"driver_state": "yawning", "landmarks": [[51, 87], [144, 78], [102, 113], [71, 207], [142, 201]]}, "frame191.jpg": {"driver_state": "alert", "landmarks": [[65, 120], [163, 113], [126, 179], [77, 227], [162, 222]]}, "frame80.jpg": {"driver_state": "yawning", "landmarks": [[51, 107], [147, 103], [104, 136], [69, 219], [142, 216]]}, "frame443.jpg": {"driver_state": "alert", "landmarks": [[33, 110], [134, 106], [71, 155], [45, 229], [125, 223]]}, "frame156.jpg": {"driver_state": "yawning", "landmarks": [[52, 89], [147, 81], [108, 110], [77, 205], [151, 199]]}, "frame175.jpg": {"driver_state": "yawning", "landmarks": [[44, 120], [143, 112], [90, 168], [59, 226], [146, 219]]}, "frame27.jpg": {"driver_state": "alert", "landmarks": [[49, 106], [147, 108], [101, 141], [62, 212], [138, 212]]}, "frame52.jpg": {"driver_state": "alert", "landmarks": [[57, 99], [153, 103], [111, 133], [68, 203], [141, 206]]}, "frame645.jpg": {"driver_state": "alert", "landmarks": [[54, 107], [155, 102], [110, 156], [69, 216], [151, 210]]}, "frame629.jpg": {"driver_state": "alert", "landmarks": [[37, 120], [132, 104], [72, 165], [59, 229], [143, 214]]}, "frame257.jpg": {"driver_state": "alert", "landmarks": [[50, 117], [151, 112], [101, 166], [65, 233], [141, 229]]}, "frame42.jpg": {"driver_state": "alert", "landmarks": [[52, 102], [147, 103], [106, 132], [65, 204], [140, 203]]}, "frame255.jpg": {"driver_state": "alert", "landmarks": [[48, 116], [149, 110], [98, 164], [64, 233], [141, 228]]}, "frame626.jpg": {"driver_state": "alert", "landmarks": [[36, 126], [131, 105], [74, 171], [63, 236], [147, 218]]}, "frame381.jpg": {"driver_state": "yawning", "landmarks": [[46, 127], [146, 113], [92, 170], [69, 248], [142, 236]]}, "frame48.jpg": {"driver_state": "alert", "landmarks": [[53, 95], [149, 98], [107, 121], [66, 195], [140, 197]]}, "frame346.jpg": {"driver_state": "yawning", "landmarks": [[35, 101], [132, 83], [85, 116], [62, 222], [142, 206]]}, "frame213.jpg": {"driver_state": "alert", "landmarks": [[46, 124], [147, 109], [94, 170], [70, 234], [148, 221]]}, "frame290.jpg": {"driver_state": "yawning", "landmarks": [[50, 113], [144, 104], [98, 147], [68, 232], [140, 225]]}, "frame281.jpg": {"driver_state": "alert", "landmarks": [[51, 114], [151, 111], [101, 163], [64, 229], [139, 227]]}, "frame562.jpg": {"driver_state": "yawning", "landmarks": [[47, 82], [141, 73], [97, 107], [67, 202], [140, 195]]}, "frame87.jpg": {"driver_state": "yawning", "landmarks": [[49, 101], [139, 96], [95, 127], [66, 210], [136, 205]]}, "frame561.jpg": {"driver_state": "yawning", "landmarks": [[50, 86], [145, 82], [99, 110], [65, 206], [141, 203]]}, "frame362.jpg": {"driver_state": "alert", "landmarks": [[42, 117], [140, 105], [87, 157], [61, 223], [142, 212]]}, "frame643.jpg": {"driver_state": "alert", "landmarks": [[53, 102], [153, 101], [108, 156], [69, 213], [148, 211]]}, "frame99.jpg": {"driver_state": "yawning", "landmarks": [[48, 81], [129, 73], [89, 108], [65, 183], [127, 177]]}, "frame621.jpg": {"driver_state": "alert", "landmarks": [[35, 120], [130, 101], [77, 164], [60, 226], [143, 208]]}, "frame610.jpg": {"driver_state": "alert", "landmarks": [[48, 118], [147, 112], [96, 158], [65, 234], [140, 228]]}, "frame347.jpg": {"driver_state": "yawning", "landmarks": [[43, 99], [141, 78], [90, 115], [64, 220], [147, 201]]}, "frame588.jpg": {"driver_state": "yawning", "landmarks": [[54, 111], [150, 98], [108, 148], [77, 230], [150, 221]]}, "frame154.jpg": {"driver_state": "yawning", "landmarks": [[54, 85], [142, 81], [104, 118], [73, 198], [138, 196]]}, "frame400.jpg": {"driver_state": "alert", "landmarks": [[39, 122], [136, 104], [83, 162], [64, 237], [141, 221]]}, "frame598.jpg": {"driver_state": "alert", "landmarks": [[49, 116], [148, 113], [98, 161], [63, 230], [138, 227]]}, "frame238.jpg": {"driver_state": "alert", "landmarks": [[45, 114], [144, 108], [92, 156], [62, 224], [139, 218]]}, "frame351.jpg": {"driver_state": "yawning", "landmarks": [[44, 99], [139, 82], [93, 122], [73, 222], [152, 207]]}, "frame53.jpg": {"driver_state": "alert", "landmarks": [[57, 100], [153, 105], [111, 133], [68, 205], [141, 208]]}, "frame661.jpg": {"driver_state": "alert", "landmarks": [[59, 128], [159, 117], [116, 183], [82, 238], [158, 229]]}, "frame36.jpg": {"driver_state": "alert", "landmarks": [[53, 105], [148, 107], [104, 137], [64, 206], [138, 208]]}, "frame269.jpg": {"driver_state": "alert", "landmarks": [[48, 113], [148, 108], [98, 160], [63, 227], [138, 223]]}, "frame306.jpg": {"driver_state": "yawning", "landmarks": [[49, 99], [139, 90], [94, 128], [69, 213], [140, 205]]}, "frame475.jpg": {"driver_state": "alert", "landmarks": [[45, 111], [143, 109], [87, 160], [58, 230], [131, 227]]}, "frame663.jpg": {"driver_state": "alert", "landmarks": [[62, 130], [163, 123], [120, 191], [83, 242], [159, 236]]}, "frame0.jpg": {"driver_state": "alert", "landmarks": [[85, 96], [180, 107], [155, 141], [97, 205], [167, 216]]}, "frame217.jpg": {"driver_state": "alert", "landmarks": [[48, 115], [147, 108], [97, 158], [65, 227], [143, 220]]}, "frame185.jpg": {"driver_state": "alert", "landmarks": [[58, 127], [153, 123], [108, 186], [65, 228], [153, 225]]}, "frame343.jpg": {"driver_state": "yawning", "landmarks": [[40, 94], [142, 82], [94, 115], [63, 217], [145, 205]]}, "frame467.jpg": {"driver_state": "alert", "landmarks": [[46, 114], [141, 110], [86, 162], [58, 232], [130, 228]]}, "frame253.jpg": {"driver_state": "alert", "landmarks": [[48, 115], [149, 109], [99, 162], [64, 232], [141, 227]]}, "frame328.jpg": {"driver_state": "yawning", "landmarks": [[49, 78], [142, 72], [102, 104], [72, 194], [146, 188]]}, "frame75.jpg": {"driver_state": "yawning", "landmarks": [[54, 106], [151, 102], [109, 135], [73, 220], [146, 217]]}, "frame16.jpg": {"driver_state": "alert", "landmarks": [[54, 102], [149, 101], [107, 137], [69, 207], [143, 206]]}, "frame102.jpg": {"driver_state": "yawning", "landmarks": [[48, 81], [131, 76], [88, 104], [65, 183], [129, 178]]}, "frame568.jpg": {"driver_state": "yawning", "landmarks": [[54, 94], [153, 87], [106, 117], [72, 217], [148, 211]]}, "frame266.jpg": {"driver_state": "alert", "landmarks": [[49, 115], [148, 111], [99, 164], [63, 230], [138, 227]]}, "frame632.jpg": {"driver_state": "alert", "landmarks": [[41, 117], [137, 101], [82, 155], [63, 222], [147, 206]]}, "frame282.jpg": {"driver_state": "alert", "landmarks": [[51, 114], [151, 110], [101, 162], [65, 230], [139, 227]]}, "frame122.jpg": {"driver_state": "yawning", "landmarks": [[48, 71], [123, 67], [83, 92], [61, 163], [119, 160]]}, "frame581.jpg": {"driver_state": "yawning", "landmarks": [[48, 110], [143, 101], [97, 143], [69, 225], [140, 218]]}, "frame127.jpg": {"driver_state": "yawning", "landmarks": [[49, 71], [124, 66], [84, 89], [63, 162], [121, 157]]}, "frame18.jpg": {"driver_state": "alert", "landmarks": [[55, 106], [151, 106], [108, 140], [69, 211], [143, 211]]}, "frame625.jpg": {"driver_state": "alert", "landmarks": [[36, 127], [131, 106], [75, 171], [63, 236], [144, 217]]}, "frame441.jpg": {"driver_state": "alert", "landmarks": [[32, 109], [132, 104], [68, 153], [44, 227], [123, 221]]}, "frame549.jpg": {"driver_state": "yawning", "landmarks": [[39, 70], [135, 67], [87, 98], [54, 188], [129, 184]]}, "frame157.jpg": {"driver_state": "yawning", "landmarks": [[53, 95], [152, 89], [113, 122], [72, 218], [148, 212]]}, "frame616.jpg": {"driver_state": "alert", "landmarks": [[47, 119], [144, 108], [86, 172], [69, 235], [151, 225]]}, "frame382.jpg": {"driver_state": "yawning", "landmarks": [[47, 126], [144, 110], [91, 167], [72, 248], [144, 235]]}, "frame600.jpg": {"driver_state": "alert", "landmarks": [[50, 115], [150, 114], [99, 161], [63, 230], [139, 228]]}, "frame172.jpg": {"driver_state": "yawning", "landmarks": [[47, 124], [147, 109], [98, 159], [69, 240], [153, 227]]}, "frame348.jpg": {"driver_state": "yawning", "landmarks": [[38, 97], [133, 81], [90, 119], [71, 222], [147, 208]]}, "frame235.jpg": {"driver_state": "alert", "landmarks": [[44, 118], [143, 110], [90, 158], [61, 228], [138, 220]]}, "frame356.jpg": {"driver_state": "yawning", "landmarks": [[39, 111], [134, 99], [82, 143], [58, 221], [138, 209]]}, "frame434.jpg": {"driver_state": "alert", "landmarks": [[29, 113], [126, 106], [60, 159], [41, 230], [118, 223]]}, "frame388.jpg": {"driver_state": "yawning", "landmarks": [[51, 112], [147, 97], [95, 149], [78, 242], [148, 231]]}, "frame657.jpg": {"driver_state": "alert", "landmarks": [[56, 128], [156, 121], [111, 189], [74, 237], [152, 230]]}, "frame8.jpg": {"driver_state": "alert", "landmarks": [[70, 104], [165, 111], [132, 145], [83, 209], [155, 215]]}, "frame519.jpg": {"driver_state": "yawning", "landmarks": [[39, 87], [127, 78], [78, 109], [55, 199], [127, 189]]}, "frame153.jpg": {"driver_state": "yawning", "landmarks": [[56, 83], [142, 78], [105, 117], [75, 193], [139, 190]]}, "frame543.jpg": {"driver_state": "yawning", "landmarks": [[42, 68], [137, 64], [90, 94], [56, 185], [129, 181]]}, "frame384.jpg": {"driver_state": "yawning", "landmarks": [[49, 121], [146, 106], [94, 159], [73, 246], [146, 233]]}, "frame560.jpg": {"driver_state": "yawning", "landmarks": [[50, 85], [146, 82], [100, 110], [64, 205], [141, 202]]}, "frame483.jpg": {"driver_state": "alert", "landmarks": [[44, 113], [144, 108], [87, 163], [58, 234], [132, 229]]}, "frame312.jpg": {"driver_state": "yawning", "landmarks": [[48, 89], [135, 81], [91, 114], [68, 202], [138, 196]]}, "frame491.jpg": {"driver_state": "alert", "landmarks": [[45, 115], [143, 115], [87, 161], [56, 236], [131, 235]]}, "frame268.jpg": {"driver_state": "alert", "landmarks": [[49, 113], [148, 109], [98, 161], [63, 227], [138, 224]]}, "frame105.jpg": {"driver_state": "yawning", "landmarks": [[46, 77], [126, 68], [85, 99], [65, 178], [127, 170]]}, "frame220.jpg": {"driver_state": "alert", "landmarks": [[44, 116], [143, 110], [91, 159], [60, 228], [138, 222]]}, "frame49.jpg": {"driver_state": "alert", "landmarks": [[52, 95], [147, 97], [105, 121], [65, 195], [139, 197]]}, "frame267.jpg": {"driver_state": "alert", "landmarks": [[49, 113], [149, 109], [98, 161], [63, 227], [138, 224]]}, "frame189.jpg": {"driver_state": "alert", "landmarks": [[62, 124], [160, 120], [117, 187], [69, 227], [156, 225]]}, "frame210.jpg": {"driver_state": "alert", "landmarks": [[46, 119], [146, 105], [98, 165], [68, 229], [150, 217]]}, "frame308.jpg": {"driver_state": "yawning", "landmarks": [[47, 94], [138, 83], [94, 121], [69, 210], [140, 201]]}, "frame109.jpg": {"driver_state": "yawning", "landmarks": [[45, 77], [126, 70], [83, 97], [61, 176], [122, 169]]}, "frame591.jpg": {"driver_state": "yawning", "landmarks": [[50, 113], [148, 104], [99, 155], [70, 234], [142, 226]]}, "frame7.jpg": {"driver_state": "alert", "landmarks": [[72, 104], [167, 111], [135, 144], [84, 208], [157, 214]]}, "frame512.jpg": {"driver_state": "yawning", "landmarks": [[42, 85], [130, 78], [82, 124], [59, 199], [126, 193]]}, "frame459.jpg": {"driver_state": "alert", "landmarks": [[44, 115], [141, 111], [84, 164], [56, 233], [130, 228]]}, "frame554.jpg": {"driver_state": "yawning", "landmarks": [[46, 84], [139, 78], [96, 110], [63, 198], [136, 192]]}, "frame310.jpg": {"driver_state": "yawning", "landmarks": [[48, 89], [136, 80], [92, 113], [68, 203], [139, 195]]}, "frame640.jpg": {"driver_state": "alert", "landmarks": [[48, 113], [148, 106], [98, 164], [67, 225], [142, 220]]}, "frame252.jpg": {"driver_state": "alert", "landmarks": [[48, 117], [150, 111], [99, 165], [65, 233], [142, 229]]}, "frame170.jpg": {"driver_state": "yawning", "landmarks": [[48, 124], [149, 109], [99, 157], [70, 242], [155, 228]]}, "frame260.jpg": {"driver_state": "alert", "landmarks": [[49, 115], [149, 111], [99, 163], [63, 229], [139, 227]]}, "frame404.jpg": {"driver_state": "alert", "landmarks": [[38, 118], [135, 101], [82, 159], [60, 228], [142, 212]]}, "frame325.jpg": {"driver_state": "yawning", "landmarks": [[48, 80], [142, 76], [100, 106], [68, 195], [143, 191]]}, "frame503.jpg": {"driver_state": "yawning", "landmarks": [[46, 111], [140, 101], [90, 138], [62, 227], [134, 218]]}, "frame446.jpg": {"driver_state": "alert", "landmarks": [[37, 111], [137, 108], [76, 157], [48, 229], [126, 224]]}, "frame138.jpg": {"driver_state": "yawning", "landmarks": [[47, 70], [127, 67], [86, 91], [60, 166], [121, 162]]}, "frame559.jpg": {"driver_state": "yawning", "landmarks": [[48, 83], [143, 79], [97, 108], [62, 204], [139, 200]]}, "frame81.jpg": {"driver_state": "yawning", "landmarks": [[51, 105], [146, 101], [103, 134], [69, 218], [141, 215]]}, "frame209.jpg": {"driver_state": "alert", "landmarks": [[48, 123], [148, 109], [100, 173], [70, 234], [148, 222]]}, "frame79.jpg": {"driver_state": "yawning", "landmarks": [[53, 107], [149, 102], [106, 134], [71, 220], [144, 216]]}, "frame367.jpg": {"driver_state": "alert", "landmarks": [[45, 120], [144, 106], [91, 166], [68, 231], [145, 219]]}, "frame142.jpg": {"driver_state": "yawning", "landmarks": [[47, 73], [131, 69], [90, 98], [62, 170], [126, 165]]}, "frame495.jpg": {"driver_state": "yawning", "landmarks": [[47, 114], [143, 114], [87, 166], [57, 236], [127, 235]]}, "frame448.jpg": {"driver_state": "alert", "landmarks": [[41, 119], [137, 113], [76, 161], [54, 234], [127, 228]]}, "frame85.jpg": {"driver_state": "yawning", "landmarks": [[49, 102], [142, 96], [99, 128], [68, 213], [138, 208]]}, "frame298.jpg": {"driver_state": "yawning", "landmarks": [[53, 101], [146, 95], [100, 135], [71, 225], [141, 219]]}, "frame249.jpg": {"driver_state": "alert", "landmarks": [[49, 116], [148, 110], [98, 165], [65, 231], [139, 226]]}, "frame527.jpg": {"driver_state": "yawning", "landmarks": [[40, 72], [133, 67], [83, 99], [56, 186], [129, 181]]}, "frame622.jpg": {"driver_state": "alert", "landmarks": [[38, 126], [130, 105], [79, 168], [63, 229], [145, 210]]}, "frame341.jpg": {"driver_state": "yawning", "landmarks": [[43, 92], [142, 78], [99, 107], [70, 208], [151, 196]]}, "frame417.jpg": {"driver_state": "alert", "landmarks": [[35, 114], [133, 104], [74, 152], [48, 221], [131, 209]]}, "frame513.jpg": {"driver_state": "yawning", "landmarks": [[41, 82], [131, 75], [83, 122], [59, 198], [128, 192]]}, "frame188.jpg": {"driver_state": "alert", "landmarks": [[60, 121], [160, 118], [119, 184], [70, 231], [154, 228]]}, "frame628.jpg": {"driver_state": "alert", "landmarks": [[39, 123], [132, 104], [75, 169], [64, 232], [146, 215]]}, "frame679.jpg": {"driver_state": "alert", "landmarks": [[25, 108], [90, 101], [8, 154], [27, 223], [73, 213]]}, "frame26.jpg": {"driver_state": "alert", "landmarks": [[50, 107], [147, 108], [102, 143], [64, 213], [139, 213]]}, "frame677.jpg": {"driver_state": "alert", "landmarks": [[24, 113], [98, 104], [18, 159], [28, 225], [80, 215]]}, "frame530.jpg": {"driver_state": "yawning", "landmarks": [[43, 73], [137, 68], [86, 100], [57, 188], [130, 184]]}, "frame222.jpg": {"driver_state": "alert", "landmarks": [[44, 116], [145, 111], [92, 159], [59, 227], [138, 223]]}, "frame107.jpg": {"driver_state": "yawning", "landmarks": [[44, 76], [125, 67], [83, 96], [63, 175], [125, 167]]}, "frame78.jpg": {"driver_state": "yawning", "landmarks": [[53, 107], [149, 103], [107, 135], [72, 221], [145, 217]]}, "frame115.jpg": {"driver_state": "yawning", "landmarks": [[47, 67], [124, 63], [83, 87], [60, 163], [120, 159]]}, "frame64.jpg": {"driver_state": "alert", "landmarks": [[57, 107], [154, 105], [113, 134], [74, 219], [148, 217]]}, "frame672.jpg": {"driver_state": "alert", "landmarks": [[32, 112], [129, 109], [68, 155], [42, 219], [125, 215]]}, "frame471.jpg": {"driver_state": "alert", "landmarks": [[46, 113], [143, 109], [87, 161], [58, 231], [131, 227]]}, "frame96.jpg": {"driver_state": "yawning", "landmarks": [[55, 88], [146, 78], [104, 115], [72, 198], [143, 192]]}, "frame514.jpg": {"driver_state": "yawning", "landmarks": [[39, 83], [129, 76], [78, 117], [58, 198], [126, 193]]}, "frame193.jpg": {"driver_state": "alert", "landmarks": [[72, 125], [171, 122], [134, 185], [81, 231], [167, 230]]}, "frame63.jpg": {"driver_state": "alert", "landmarks": [[58, 107], [155, 105], [113, 135], [74, 218], [148, 216]]}, "frame631.jpg": {"driver_state": "alert", "landmarks": [[41, 120], [138, 104], [82, 162], [62, 226], [147, 211]]}, "frame613.jpg": {"driver_state": "alert", "landmarks": [[45, 122], [146, 110], [94, 165], [68, 237], [145, 227]]}, "frame2.jpg": {"driver_state": "alert", "landmarks": [[83, 96], [176, 104], [152, 139], [96, 202], [165, 211]]}, "frame35.jpg": {"driver_state": "alert", "landmarks": [[52, 101], [147, 104], [103, 133], [63, 204], [137, 205]]}, "frame334.jpg": {"driver_state": "yawning", "landmarks": [[48, 83], [139, 75], [101, 106], [72, 195], [145, 188]]}, "frame470.jpg": {"driver_state": "alert", "landmarks": [[45, 113], [143, 110], [86, 161], [58, 231], [131, 227]]}, "frame30.jpg": {"driver_state": "alert", "landmarks": [[50, 104], [148, 107], [102, 138], [62, 208], [138, 209]]}, "frame248.jpg": {"driver_state": "alert", "landmarks": [[50, 116], [149, 110], [99, 165], [65, 231], [140, 227]]}, "frame408.jpg": {"driver_state": "alert", "landmarks": [[37, 116], [137, 102], [81, 157], [56, 225], [140, 210]]}, "frame135.jpg": {"driver_state": "yawning", "landmarks": [[47, 70], [126, 67], [85, 89], [59, 165], [120, 161]]}, "frame478.jpg": {"driver_state": "alert", "landmarks": [[46, 113], [143, 111], [87, 163], [58, 231], [131, 228]]}, "frame236.jpg": {"driver_state": "alert", "landmarks": [[44, 115], [142, 107], [90, 156], [62, 225], [138, 217]]}, "frame447.jpg": {"driver_state": "alert", "landmarks": [[41, 117], [137, 113], [76, 162], [53, 234], [127, 228]]}, "frame517.jpg": {"driver_state": "yawning", "landmarks": [[42, 77], [128, 68], [81, 114], [61, 195], [129, 187]]}, "frame158.jpg": {"driver_state": "yawning", "landmarks": [[55, 100], [156, 96], [115, 126], [72, 222], [151, 217]]}, "frame41.jpg": {"driver_state": "alert", "landmarks": [[53, 102], [148, 103], [106, 133], [66, 204], [139, 204]]}, "frame250.jpg": {"driver_state": "alert", "landmarks": [[49, 116], [148, 110], [99, 164], [65, 231], [140, 226]]}, "frame368.jpg": {"driver_state": "alert", "landmarks": [[43, 117], [143, 104], [90, 164], [66, 229], [143, 217]]}, "frame596.jpg": {"driver_state": "alert", "landmarks": [[48, 117], [147, 111], [97, 159], [65, 232], [140, 227]]}, "frame673.jpg": {"driver_state": "alert", "landmarks": [[24, 109], [121, 108], [53, 154], [33, 218], [115, 214]]}, "frame490.jpg": {"driver_state": "alert", "landmarks": [[45, 116], [147, 113], [90, 160], [58, 237], [136, 233]]}, "frame173.jpg": {"driver_state": "yawning", "landmarks": [[45, 124], [145, 111], [94, 164], [65, 237], [149, 227]]}, "frame590.jpg": {"driver_state": "yawning", "landmarks": [[49, 114], [147, 104], [98, 154], [71, 234], [143, 225]]}, "frame571.jpg": {"driver_state": "yawning", "landmarks": [[49, 103], [143, 95], [97, 131], [66, 225], [138, 218]]}, "frame502.jpg": {"driver_state": "yawning", "landmarks": [[51, 105], [150, 96], [99, 138], [68, 225], [144, 218]]}, "frame352.jpg": {"driver_state": "yawning", "landmarks": [[44, 105], [140, 87], [93, 127], [74, 225], [153, 210]]}, "frame451.jpg": {"driver_state": "alert", "landmarks": [[35, 114], [135, 106], [74, 160], [51, 231], [129, 223]]}, "frame272.jpg": {"driver_state": "alert", "landmarks": [[50, 112], [146, 106], [99, 156], [63, 224], [140, 219]]}, "frame430.jpg": {"driver_state": "alert", "landmarks": [[20, 117], [117, 110], [48, 166], [34, 235], [112, 227]]}, "frame237.jpg": {"driver_state": "alert", "landmarks": [[46, 113], [144, 106], [93, 154], [63, 223], [140, 216]]}, "frame94.jpg": {"driver_state": "yawning", "landmarks": [[45, 91], [131, 84], [88, 117], [64, 198], [130, 192]]}, "frame187.jpg": {"driver_state": "alert", "landmarks": [[58, 122], [158, 119], [114, 183], [68, 230], [152, 227]]}, "frame480.jpg": {"driver_state": "alert", "landmarks": [[46, 111], [144, 109], [86, 162], [57, 232], [131, 230]]}, "frame221.jpg": {"driver_state": "alert", "landmarks": [[43, 117], [143, 111], [90, 160], [58, 228], [137, 223]]}, "frame422.jpg": {"driver_state": "alert", "landmarks": [[26, 113], [121, 107], [57, 160], [41, 225], [120, 218]]}, "frame74.jpg": {"driver_state": "yawning", "landmarks": [[55, 107], [152, 103], [110, 135], [73, 220], [146, 217]]}, "frame462.jpg": {"driver_state": "alert", "landmarks": [[44, 116], [142, 113], [82, 165], [56, 235], [129, 231]]}, "frame69.jpg": {"driver_state": "alert", "landmarks": [[58, 111], [155, 107], [114, 138], [75, 222], [150, 219]]}, "frame58.jpg": {"driver_state": "alert", "landmarks": [[57, 103], [153, 108], [110, 139], [68, 209], [140, 213]]}, "frame163.jpg": {"driver_state": "yawning", "landmarks": [[49, 118], [151, 108], [106, 145], [68, 234], [154, 224]]}, "frame387.jpg": {"driver_state": "yawning", "landmarks": [[49, 120], [148, 105], [95, 157], [73, 247], [146, 234]]}, "frame518.jpg": {"driver_state": "yawning", "landmarks": [[37, 78], [127, 71], [78, 109], [56, 196], [127, 189]]}, "frame159.jpg": {"driver_state": "yawning", "landmarks": [[55, 105], [156, 103], [113, 133], [70, 227], [151, 223]]}, "frame505.jpg": {"driver_state": "yawning", "landmarks": [[47, 105], [140, 98], [89, 134], [63, 222], [135, 216]]}, "frame240.jpg": {"driver_state": "alert", "landmarks": [[45, 115], [145, 108], [93, 157], [62, 227], [140, 220]]}, "frame525.jpg": {"driver_state": "yawning", "landmarks": [[41, 66], [134, 60], [87, 99], [61, 185], [133, 181]]}, "frame118.jpg": {"driver_state": "yawning", "landmarks": [[47, 66], [121, 62], [81, 85], [61, 159], [118, 155]]}, "frame555.jpg": {"driver_state": "yawning", "landmarks": [[46, 87], [139, 82], [96, 112], [62, 197], [137, 193]]}, "frame254.jpg": {"driver_state": "alert", "landmarks": [[48, 116], [150, 110], [99, 163], [65, 232], [142, 227]]}, "frame509.jpg": {"driver_state": "yawning", "landmarks": [[43, 94], [136, 86], [87, 115], [59, 212], [133, 204]]}, "frame134.jpg": {"driver_state": "yawning", "landmarks": [[47, 71], [124, 67], [85, 90], [59, 164], [119, 160]]}, "frame192.jpg": {"driver_state": "alert", "landmarks": [[73, 123], [171, 119], [135, 184], [84, 231], [169, 229]]}, "frame169.jpg": {"driver_state": "yawning", "landmarks": [[48, 124], [149, 108], [99, 154], [70, 240], [155, 226]]}, "frame399.jpg": {"driver_state": "alert", "landmarks": [[41, 131], [140, 108], [83, 164], [72, 248], [149, 228]]}, "frame202.jpg": {"driver_state": "alert", "landmarks": [[80, 112], [165, 113], [137, 172], [82, 217], [150, 217]]}, "frame126.jpg": {"driver_state": "yawning", "landmarks": [[49, 72], [125, 67], [86, 89], [64, 162], [123, 156]]}, "frame190.jpg": {"driver_state": "alert", "landmarks": [[61, 117], [163, 112], [122, 180], [69, 222], [162, 218]]}, "frame147.jpg": {"driver_state": "yawning", "landmarks": [[47, 77], [131, 70], [90, 102], [65, 178], [127, 172]]}, "frame262.jpg": {"driver_state": "alert", "landmarks": [[49, 114], [149, 112], [99, 162], [63, 228], [138, 226]]}, "frame397.jpg": {"driver_state": "yawning", "landmarks": [[46, 132], [143, 110], [89, 167], [77, 257], [149, 238]]}, "frame435.jpg": {"driver_state": "alert", "landmarks": [[29, 113], [127, 107], [62, 159], [42, 230], [119, 222]]}, "frame437.jpg": {"driver_state": "alert", "landmarks": [[30, 112], [129, 107], [63, 158], [42, 229], [120, 223]]}, "frame439.jpg": {"driver_state": "alert", "landmarks": [[32, 109], [132, 106], [67, 155], [43, 227], [121, 222]]}, "frame553.jpg": {"driver_state": "yawning", "landmarks": [[42, 83], [134, 82], [91, 106], [55, 197], [131, 195]]}, "frame569.jpg": {"driver_state": "yawning", "landmarks": [[53, 98], [148, 90], [100, 124], [70, 220], [143, 214]]}, "frame353.jpg": {"driver_state": "yawning", "landmarks": [[41, 106], [136, 89], [87, 129], [67, 220], [146, 206]]}, "frame43.jpg": {"driver_state": "alert", "landmarks": [[53, 102], [148, 103], [107, 131], [65, 204], [140, 204]]}, "frame50.jpg": {"driver_state": "alert", "landmarks": [[53, 94], [148, 97], [106, 121], [66, 196], [139, 197]]}, "frame279.jpg": {"driver_state": "alert", "landmarks": [[50, 115], [150, 111], [101, 163], [65, 229], [140, 227]]}, "frame377.jpg": {"driver_state": "alert", "landmarks": [[47, 126], [146, 116], [91, 173], [67, 245], [142, 237]]}, "frame145.jpg": {"driver_state": "yawning", "landmarks": [[47, 74], [131, 69], [91, 101], [64, 174], [127, 169]]}, "frame666.jpg": {"driver_state": "alert", "landmarks": [[55, 121], [157, 118], [107, 177], [69, 232], [150, 228]]}, "frame162.jpg": {"driver_state": "yawning", "landmarks": [[51, 114], [152, 104], [108, 139], [69, 230], [154, 222]]}, "frame200.jpg": {"driver_state": "alert", "landmarks": [[82, 119], [174, 118], [145, 182], [89, 228], [162, 229]]}, "frame501.jpg": {"driver_state": "yawning", "landmarks": [[44, 107], [140, 101], [84, 143], [59, 225], [132, 220]]}, "frame438.jpg": {"driver_state": "alert", "landmarks": [[32, 110], [132, 107], [66, 156], [42, 228], [121, 223]]}, "frame460.jpg": {"driver_state": "alert", "landmarks": [[45, 115], [143, 113], [83, 165], [56, 234], [128, 231]]}, "frame177.jpg": {"driver_state": "alert", "landmarks": [[44, 119], [144, 111], [91, 171], [60, 226], [148, 219]]}, "frame401.jpg": {"driver_state": "alert", "landmarks": [[38, 120], [136, 103], [83, 161], [62, 233], [142, 217]]}, "frame301.jpg": {"driver_state": "yawning", "landmarks": [[48, 93], [140, 86], [91, 128], [68, 214], [137, 210]]}, "frame151.jpg": {"driver_state": "yawning", "landmarks": [[55, 79], [137, 73], [102, 108], [75, 184], [136, 180]]}, "frame450.jpg": {"driver_state": "alert", "landmarks": [[37, 115], [136, 107], [75, 161], [52, 231], [131, 224]]}, "frame168.jpg": {"driver_state": "yawning", "landmarks": [[49, 123], [148, 109], [99, 151], [68, 239], [153, 225]]}, "frame507.jpg": {"driver_state": "yawning", "landmarks": [[45, 89], [136, 82], [85, 124], [63, 209], [128, 204]]}, "frame349.jpg": {"driver_state": "yawning", "landmarks": [[41, 98], [135, 84], [91, 121], [71, 221], [148, 208]]}, "frame390.jpg": {"driver_state": "yawning", "landmarks": [[43, 118], [139, 104], [85, 159], [69, 237], [135, 225]]}, "frame572.jpg": {"driver_state": "yawning", "landmarks": [[49, 106], [143, 95], [97, 131], [69, 227], [141, 218]]}, "frame146.jpg": {"driver_state": "yawning", "landmarks": [[47, 78], [133, 72], [91, 102], [64, 178], [129, 172]]}, "frame371.jpg": {"driver_state": "alert", "landmarks": [[47, 121], [148, 110], [96, 170], [69, 236], [145, 225]]}, "frame665.jpg": {"driver_state": "alert", "landmarks": [[47, 114], [149, 108], [99, 166], [60, 225], [147, 219]]}, "frame358.jpg": {"driver_state": "alert", "landmarks": [[40, 117], [137, 105], [84, 151], [57, 223], [139, 212]]}, "frame223.jpg": {"driver_state": "alert", "landmarks": [[44, 117], [143, 114], [91, 161], [58, 229], [136, 225]]}, "frame648.jpg": {"driver_state": "alert", "landmarks": [[50, 113], [146, 105], [103, 163], [61, 216], [144, 208]]}, "frame10.jpg": {"driver_state": "alert", "landmarks": [[67, 108], [165, 111], [128, 148], [81, 214], [156, 216]]}, "frame418.jpg": {"driver_state": "alert", "landmarks": [[32, 110], [128, 100], [69, 149], [48, 219], [128, 209]]}, "frame355.jpg": {"driver_state": "yawning", "landmarks": [[40, 106], [134, 91], [82, 133], [62, 217], [141, 203]]}, "frame311.jpg": {"driver_state": "yawning", "landmarks": [[50, 90], [138, 84], [95, 116], [69, 204], [139, 199]]}, "frame633.jpg": {"driver_state": "alert", "landmarks": [[44, 118], [141, 103], [85, 159], [65, 224], [149, 210]]}, "frame472.jpg": {"driver_state": "alert", "landmarks": [[45, 113], [142, 110], [86, 162], [57, 232], [130, 228]]}, "frame119.jpg": {"driver_state": "yawning", "landmarks": [[47, 66], [121, 62], [81, 84], [61, 159], [118, 154]]}, "frame541.jpg": {"driver_state": "yawning", "landmarks": [[40, 67], [135, 63], [87, 95], [55, 184], [129, 180]]}, "frame369.jpg": {"driver_state": "alert", "landmarks": [[45, 120], [145, 107], [92, 168], [66, 232], [144, 220]]}, "frame395.jpg": {"driver_state": "yawning", "landmarks": [[45, 125], [139, 104], [85, 158], [74, 247], [143, 229]]}, "frame273.jpg": {"driver_state": "alert", "landmarks": [[50, 113], [147, 108], [99, 157], [63, 225], [140, 220]]}, "frame378.jpg": {"driver_state": "yawning", "landmarks": [[46, 124], [144, 112], [91, 168], [66, 241], [139, 231]]}, "frame274.jpg": {"driver_state": "alert", "landmarks": [[49, 114], [148, 111], [99, 163], [63, 229], [138, 226]]}, "frame332.jpg": {"driver_state": "yawning", "landmarks": [[49, 79], [139, 73], [101, 103], [73, 192], [145, 186]]}, "frame56.jpg": {"driver_state": "alert", "landmarks": [[58, 103], [154, 109], [112, 138], [68, 208], [141, 212]]}, "frame14.jpg": {"driver_state": "alert", "landmarks": [[59, 107], [155, 106], [113, 142], [74, 211], [148, 211]]}, "frame547.jpg": {"driver_state": "yawning", "landmarks": [[41, 69], [135, 65], [88, 94], [55, 185], [130, 180]]}, "frame287.jpg": {"driver_state": "yawning", "landmarks": [[48, 111], [145, 107], [96, 151], [64, 228], [137, 224]]}, "frame455.jpg": {"driver_state": "alert", "landmarks": [[42, 117], [139, 112], [81, 164], [55, 234], [129, 229]]}, "frame639.jpg": {"driver_state": "alert", "landmarks": [[48, 118], [143, 112], [94, 169], [64, 229], [137, 224]]}, "frame545.jpg": {"driver_state": "yawning", "landmarks": [[42, 67], [138, 63], [90, 94], [57, 185], [132, 181]]}, "frame47.jpg": {"driver_state": "alert", "landmarks": [[52, 94], [148, 97], [106, 121], [65, 195], [140, 196]]}, "frame456.jpg": {"driver_state": "alert", "landmarks": [[41, 116], [138, 112], [81, 165], [53, 233], [127, 229]]}, "frame563.jpg": {"driver_state": "yawning", "landmarks": [[48, 83], [143, 74], [99, 108], [68, 203], [142, 196]]}, "frame270.jpg": {"driver_state": "alert", "landmarks": [[49, 113], [146, 107], [99, 158], [64, 226], [140, 220]]}, "frame297.jpg": {"driver_state": "yawning", "landmarks": [[48, 102], [141, 98], [93, 136], [65, 221], [136, 217]]}, "frame186.jpg": {"driver_state": "alert", "landmarks": [[58, 123], [156, 122], [109, 185], [65, 230], [151, 230]]}, "frame1.jpg": {"driver_state": "alert", "landmarks": [[83, 97], [174, 107], [149, 142], [94, 203], [162, 213]]}, "frame551.jpg": {"driver_state": "yawning", "landmarks": [[43, 75], [136, 75], [94, 102], [57, 190], [131, 189]]}, "frame199.jpg": {"driver_state": "alert", "landmarks": [[80, 113], [173, 110], [143, 176], [85, 221], [162, 219]]}, "frame536.jpg": {"driver_state": "yawning", "landmarks": [[44, 72], [134, 68], [87, 99], [58, 185], [129, 182]]}, "frame38.jpg": {"driver_state": "alert", "landmarks": [[53, 102], [147, 104], [104, 134], [65, 204], [138, 204]]}, "frame515.jpg": {"driver_state": "yawning", "landmarks": [[43, 80], [129, 70], [82, 117], [62, 198], [130, 190]]}, "frame602.jpg": {"driver_state": "alert", "landmarks": [[50, 115], [150, 115], [100, 160], [62, 229], [139, 229]]}, "frame662.jpg": {"driver_state": "alert", "landmarks": [[59, 128], [161, 118], [117, 185], [82, 239], [159, 230]]}, "frame12.jpg": {"driver_state": "alert", "landmarks": [[62, 108], [158, 108], [120, 145], [78, 212], [151, 212]]}, "frame359.jpg": {"driver_state": "alert", "landmarks": [[41, 116], [136, 104], [85, 152], [59, 220], [140, 209]]}, "frame40.jpg": {"driver_state": "alert", "landmarks": [[53, 103], [147, 104], [104, 135], [65, 205], [139, 205]]}, "frame316.jpg": {"driver_state": "yawning", "landmarks": [[49, 83], [137, 75], [96, 106], [72, 199], [144, 192]]}, "frame494.jpg": {"driver_state": "yawning", "landmarks": [[47, 114], [143, 113], [88, 164], [59, 233], [129, 231]]}, "frame485.jpg": {"driver_state": "alert", "landmarks": [[44, 113], [145, 108], [88, 156], [59, 235], [135, 230]]}, "frame37.jpg": {"driver_state": "alert", "landmarks": [[54, 104], [149, 106], [106, 136], [65, 206], [140, 207]]}, "frame84.jpg": {"driver_state": "yawning", "landmarks": [[49, 103], [143, 97], [99, 129], [68, 215], [138, 210]]}, "frame599.jpg": {"driver_state": "alert", "landmarks": [[50, 116], [148, 113], [98, 162], [64, 231], [138, 228]]}, "frame296.jpg": {"driver_state": "yawning", "landmarks": [[52, 108], [144, 103], [99, 143], [69, 227], [139, 222]]}, "frame425.jpg": {"driver_state": "alert", "landmarks": [[21, 112], [117, 105], [49, 159], [35, 225], [113, 215]]}, "frame218.jpg": {"driver_state": "alert", "landmarks": [[45, 116], [146, 110], [94, 157], [62, 227], [142, 221]]}, "frame165.jpg": {"driver_state": "yawning", "landmarks": [[50, 121], [150, 109], [104, 146], [68, 233], [154, 222]]}, "frame396.jpg": {"driver_state": "yawning", "landmarks": [[44, 129], [141, 107], [86, 164], [76, 256], [147, 236]]}, "frame678.jpg": {"driver_state": "alert", "landmarks": [[19, 113], [90, 97], [12, 153], [23, 227], [77, 211]]}, "frame466.jpg": {"driver_state": "alert", "landmarks": [[44, 115], [141, 111], [83, 165], [56, 234], [129, 230]]}, "frame326.jpg": {"driver_state": "yawning", "landmarks": [[48, 79], [139, 75], [99, 106], [69, 194], [142, 189]]}, "frame429.jpg": {"driver_state": "alert", "landmarks": [[21, 113], [117, 107], [48, 161], [35, 229], [112, 221]]}, "frame302.jpg": {"driver_state": "yawning", "landmarks": [[50, 104], [143, 98], [96, 131], [67, 222], [139, 217]]}, "frame676.jpg": {"driver_state": "alert", "landmarks": [[28, 115], [109, 105], [33, 158], [31, 226], [92, 215]]}, "frame464.jpg": {"driver_state": "alert", "landmarks": [[43, 116], [142, 112], [81, 165], [56, 237], [129, 232]]}, "frame292.jpg": {"driver_state": "yawning", "landmarks": [[48, 110], [144, 104], [98, 144], [67, 229], [140, 223]]}, "frame150.jpg": {"driver_state": "yawning", "landmarks": [[56, 78], [137, 73], [102, 108], [75, 183], [136, 179]]}, "frame89.jpg": {"driver_state": "yawning", "landmarks": [[44, 100], [137, 92], [92, 125], [64, 208], [135, 201]]}, "frame350.jpg": {"driver_state": "yawning", "landmarks": [[44, 100], [138, 84], [93, 122], [73, 222], [151, 207]]}, "frame635.jpg": {"driver_state": "alert", "landmarks": [[42, 117], [138, 101], [83, 161], [66, 226], [146, 211]]}, "frame593.jpg": {"driver_state": "yawning", "landmarks": [[49, 117], [148, 109], [98, 159], [69, 237], [141, 230]]}, "frame458.jpg": {"driver_state": "alert", "landmarks": [[42, 116], [140, 112], [83, 166], [55, 234], [128, 229]]}, "frame342.jpg": {"driver_state": "yawning", "landmarks": [[41, 94], [141, 80], [96, 113], [66, 214], [146, 203]]}, "frame259.jpg": {"driver_state": "alert", "landmarks": [[49, 114], [150, 110], [99, 162], [63, 229], [140, 226]]}, "frame508.jpg": {"driver_state": "yawning", "landmarks": [[44, 96], [135, 89], [87, 116], [60, 213], [133, 206]]}, "frame183.jpg": {"driver_state": "alert", "landmarks": [[51, 120], [147, 118], [98, 179], [57, 225], [142, 223]]}, "frame4.jpg": {"driver_state": "alert", "landmarks": [[76, 96], [168, 101], [143, 138], [90, 201], [160, 206]]}, "frame76.jpg": {"driver_state": "yawning", "landmarks": [[54, 107], [150, 103], [108, 136], [72, 220], [145, 217]]}, "frame413.jpg": {"driver_state": "alert", "landmarks": [[39, 120], [134, 107], [78, 158], [57, 224], [135, 211]]}, "frame29.jpg": {"driver_state": "alert", "landmarks": [[50, 105], [148, 107], [102, 140], [62, 209], [138, 210]]}, "frame6.jpg": {"driver_state": "alert", "landmarks": [[75, 105], [169, 112], [139, 145], [86, 209], [159, 215]]}, "frame112.jpg": {"driver_state": "yawning", "landmarks": [[47, 67], [123, 61], [82, 87], [62, 162], [122, 156]]}, "frame229.jpg": {"driver_state": "alert", "landmarks": [[43, 118], [142, 110], [88, 159], [60, 229], [137, 222]]}, "frame123.jpg": {"driver_state": "yawning", "landmarks": [[49, 70], [123, 66], [86, 91], [64, 163], [121, 159]]}, "frame198.jpg": {"driver_state": "alert", "landmarks": [[78, 112], [172, 110], [141, 176], [84, 221], [161, 219]]}, "frame275.jpg": {"driver_state": "alert", "landmarks": [[48, 114], [149, 110], [99, 162], [62, 228], [139, 225]]}, "frame442.jpg": {"driver_state": "alert", "landmarks": [[34, 111], [134, 106], [70, 155], [46, 228], [124, 223]]}, "frame277.jpg": {"driver_state": "alert", "landmarks": [[49, 113], [150, 109], [101, 161], [64, 228], [140, 225]]}, "frame174.jpg": {"driver_state": "yawning", "landmarks": [[45, 121], [146, 111], [94, 167], [61, 230], [148, 223]]}, "frame194.jpg": {"driver_state": "alert", "landmarks": [[71, 122], [170, 115], [135, 192], [80, 229], [165, 223]]}, "frame61.jpg": {"driver_state": "alert", "landmarks": [[56, 106], [154, 107], [111, 137], [70, 216], [145, 217]]}, "frame574.jpg": {"driver_state": "yawning", "landmarks": [[49, 109], [143, 99], [95, 137], [70, 226], [139, 218]]}, "frame171.jpg": {"driver_state": "yawning", "landmarks": [[48, 124], [148, 107], [99, 157], [71, 240], [154, 226]]}, "frame31.jpg": {"driver_state": "alert", "landmarks": [[50, 105], [147, 107], [101, 139], [61, 209], [137, 210]]}, "frame646.jpg": {"driver_state": "alert", "landmarks": [[54, 107], [153, 102], [108, 158], [67, 216], [149, 210]]}, "frame529.jpg": {"driver_state": "yawning", "landmarks": [[41, 72], [135, 66], [85, 98], [57, 187], [130, 182]]}, "frame286.jpg": {"driver_state": "alert", "landmarks": [[48, 111], [148, 109], [97, 155], [64, 228], [138, 226]]}, "frame366.jpg": {"driver_state": "alert", "landmarks": [[46, 116], [145, 101], [92, 159], [68, 227], [145, 214]]}, "frame584.jpg": {"driver_state": "yawning", "landmarks": [[48, 112], [144, 101], [97, 147], [71, 229], [140, 221]]}, "frame575.jpg": {"driver_state": "yawning", "landmarks": [[54, 101], [148, 90], [102, 130], [71, 214], [142, 208]]}, "frame523.jpg": {"driver_state": "yawning", "landmarks": [[37, 86], [128, 78], [81, 110], [55, 197], [129, 189]]}, "frame436.jpg": {"driver_state": "alert", "landmarks": [[30, 111], [129, 106], [61, 161], [45, 229], [122, 226]]}, "frame365.jpg": {"driver_state": "alert", "landmarks": [[42, 116], [140, 104], [86, 159], [62, 227], [140, 215]]}, "frame251.jpg": {"driver_state": "alert", "landmarks": [[48, 118], [148, 112], [97, 166], [64, 233], [139, 229]]}, "frame13.jpg": {"driver_state": "alert", "landmarks": [[60, 105], [156, 106], [116, 143], [73, 210], [147, 211]]}, "frame440.jpg": {"driver_state": "alert", "landmarks": [[32, 110], [133, 106], [67, 155], [43, 228], [122, 223]]}, "frame178.jpg": {"driver_state": "alert", "landmarks": [[45, 119], [146, 111], [93, 172], [59, 225], [149, 218]]}, "frame25.jpg": {"driver_state": "alert", "landmarks": [[52, 108], [149, 106], [103, 143], [66, 214], [141, 212]]}, "frame623.jpg": {"driver_state": "alert", "landmarks": [[43, 135], [135, 114], [82, 180], [71, 238], [149, 219]]}, "frame101.jpg": {"driver_state": "yawning", "landmarks": [[49, 80], [129, 72], [89, 105], [66, 183], [128, 176]]}, "frame330.jpg": {"driver_state": "yawning", "landmarks": [[48, 78], [139, 72], [100, 105], [71, 193], [144, 187]]}, "frame380.jpg": {"driver_state": "yawning", "landmarks": [[46, 125], [146, 114], [92, 170], [67, 246], [140, 236]]}, "frame469.jpg": {"driver_state": "alert", "landmarks": [[46, 112], [142, 108], [87, 160], [58, 230], [131, 226]]}, "frame106.jpg": {"driver_state": "yawning", "landmarks": [[45, 76], [127, 68], [85, 98], [64, 177], [126, 169]]}, "frame124.jpg": {"driver_state": "yawning", "landmarks": [[47, 71], [122, 66], [84, 91], [63, 164], [121, 159]]}, "frame402.jpg": {"driver_state": "alert", "landmarks": [[39, 119], [136, 102], [83, 161], [61, 229], [142, 214]]}, "frame320.jpg": {"driver_state": "yawning", "landmarks": [[50, 90], [139, 79], [99, 114], [76, 203], [148, 194]]}, "frame314.jpg": {"driver_state": "yawning", "landmarks": [[49, 84], [137, 77], [95, 108], [71, 201], [142, 195]]}, "frame344.jpg": {"driver_state": "yawning", "landmarks": [[38, 96], [136, 82], [90, 116], [64, 218], [144, 205]]}, "frame452.jpg": {"driver_state": "alert", "landmarks": [[38, 118], [135, 112], [77, 163], [51, 234], [126, 227]]}, "frame111.jpg": {"driver_state": "yawning", "landmarks": [[47, 68], [123, 61], [83, 89], [63, 164], [123, 158]]}, "frame317.jpg": {"driver_state": "yawning", "landmarks": [[51, 85], [138, 77], [97, 110], [73, 201], [143, 195]]}, "frame17.jpg": {"driver_state": "alert", "landmarks": [[58, 109], [153, 110], [111, 142], [71, 212], [145, 213]]}, "frame595.jpg": {"driver_state": "alert", "landmarks": [[48, 116], [147, 111], [97, 158], [65, 232], [139, 227]]}, "frame15.jpg": {"driver_state": "alert", "landmarks": [[57, 105], [152, 105], [111, 140], [72, 209], [145, 209]]}, "frame383.jpg": {"driver_state": "yawning", "landmarks": [[49, 121], [145, 105], [94, 160], [73, 245], [146, 232]]}, "frame305.jpg": {"driver_state": "yawning", "landmarks": [[48, 99], [140, 92], [94, 126], [66, 215], [139, 208]]}, "frame77.jpg": {"driver_state": "yawning", "landmarks": [[53, 107], [149, 103], [107, 135], [72, 220], [145, 216]]}, "frame180.jpg": {"driver_state": "alert", "landmarks": [[46, 117], [146, 110], [94, 173], [58, 223], [147, 217]]}, "frame294.jpg": {"driver_state": "yawning", "landmarks": [[51, 108], [144, 103], [99, 143], [68, 225], [140, 220]]}, "frame489.jpg": {"driver_state": "alert", "landmarks": [[45, 115], [145, 110], [88, 159], [59, 237], [134, 232]]}, "frame376.jpg": {"driver_state": "alert", "landmarks": [[45, 126], [145, 115], [90, 172], [66, 245], [142, 235]]}, "frame143.jpg": {"driver_state": "yawning", "landmarks": [[47, 74], [130, 69], [88, 101], [62, 171], [126, 167]]}, "frame321.jpg": {"driver_state": "yawning", "landmarks": [[49, 87], [137, 78], [98, 113], [74, 199], [145, 191]]}, "frame21.jpg": {"driver_state": "alert", "landmarks": [[53, 106], [149, 106], [104, 141], [67, 212], [141, 211]]}, "frame284.jpg": {"driver_state": "alert", "landmarks": [[48, 112], [148, 111], [97, 158], [62, 229], [136, 227]]}, "frame160.jpg": {"driver_state": "yawning", "landmarks": [[51, 108], [152, 103], [109, 134], [67, 226], [149, 220]]}, "frame357.jpg": {"driver_state": "alert", "landmarks": [[40, 117], [137, 105], [83, 150], [57, 225], [138, 214]]}, "frame504.jpg": {"driver_state": "yawning", "landmarks": [[47, 107], [140, 98], [90, 135], [64, 223], [135, 215]]}, "frame564.jpg": {"driver_state": "yawning", "landmarks": [[50, 86], [145, 78], [102, 111], [69, 205], [143, 199]]}, "frame567.jpg": {"driver_state": "yawning", "landmarks": [[54, 89], [152, 84], [106, 113], [70, 213], [147, 208]]}, "frame499.jpg": {"driver_state": "yawning", "landmarks": [[50, 114], [143, 109], [91, 152], [64, 236], [134, 230]]}, "frame55.jpg": {"driver_state": "alert", "landmarks": [[58, 100], [155, 106], [114, 133], [69, 205], [143, 209]]}, "frame556.jpg": {"driver_state": "yawning", "landmarks": [[48, 88], [142, 82], [99, 113], [65, 199], [141, 193]]}, "frame98.jpg": {"driver_state": "yawning", "landmarks": [[61, 88], [149, 77], [107, 111], [75, 194], [145, 188]]}, "frame675.jpg": {"driver_state": "alert", "landmarks": [[26, 115], [113, 103], [36, 151], [28, 225], [102, 212]]}, "frame426.jpg": {"driver_state": "alert", "landmarks": [[22, 113], [117, 105], [49, 160], [35, 226], [113, 217]]}, "frame546.jpg": {"driver_state": "yawning", "landmarks": [[44, 67], [137, 63], [91, 92], [58, 182], [132, 178]]}, "frame11.jpg": {"driver_state": "alert", "landmarks": [[64, 108], [161, 109], [124, 145], [79, 213], [154, 213]]}, "frame393.jpg": {"driver_state": "yawning", "landmarks": [[47, 122], [142, 103], [87, 157], [74, 243], [141, 228]]}, "frame283.jpg": {"driver_state": "alert", "landmarks": [[52, 114], [152, 112], [102, 163], [64, 231], [138, 230]]}, "frame82.jpg": {"driver_state": "yawning", "landmarks": [[49, 105], [144, 100], [101, 133], [68, 217], [140, 213]]}, "frame181.jpg": {"driver_state": "alert", "landmarks": [[49, 118], [148, 112], [97, 175], [59, 224], [147, 219]]}, "frame409.jpg": {"driver_state": "alert", "landmarks": [[38, 118], [137, 103], [82, 156], [58, 224], [141, 209]]}, "frame433.jpg": {"driver_state": "alert", "landmarks": [[27, 112], [125, 106], [57, 159], [40, 229], [117, 222]]}, "frame5.jpg": {"driver_state": "alert", "landmarks": [[75, 96], [168, 103], [140, 137], [88, 202], [159, 208]]}, "frame340.jpg": {"driver_state": "yawning", "landmarks": [[43, 86], [138, 77], [99, 107], [70, 201], [147, 193]]}, "frame239.jpg": {"driver_state": "alert", "landmarks": [[46, 114], [144, 108], [93, 157], [62, 224], [139, 218]]}, "frame361.jpg": {"driver_state": "alert", "landmarks": [[40, 116], [138, 106], [85, 156], [58, 222], [141, 212]]}, "frame215.jpg": {"driver_state": "alert", "landmarks": [[47, 123], [146, 113], [93, 167], [65, 235], [143, 225]]}, "frame634.jpg": {"driver_state": "alert", "landmarks": [[41, 117], [137, 103], [81, 161], [60, 222], [144, 209]]}, "frame34.jpg": {"driver_state": "alert", "landmarks": [[52, 103], [148, 106], [103, 136], [63, 206], [137, 208]]}, "frame385.jpg": {"driver_state": "yawning", "landmarks": [[50, 121], [148, 105], [96, 157], [75, 248], [149, 234]]}, "frame271.jpg": {"driver_state": "alert", "landmarks": [[50, 113], [147, 108], [99, 158], [63, 225], [140, 221]]}, "frame542.jpg": {"driver_state": "yawning", "landmarks": [[41, 67], [136, 63], [88, 95], [55, 185], [129, 181]]}, "frame522.jpg": {"driver_state": "yawning", "landmarks": [[37, 86], [130, 78], [83, 110], [55, 198], [131, 190]]}, "frame617.jpg": {"driver_state": "alert", "landmarks": [[39, 128], [132, 111], [80, 170], [64, 234], [141, 220]]}, "frame139.jpg": {"driver_state": "yawning", "landmarks": [[45, 70], [126, 67], [83, 93], [58, 167], [120, 163]]}, "frame419.jpg": {"driver_state": "alert", "landmarks": [[29, 112], [124, 102], [64, 154], [46, 221], [126, 210]]}, "frame421.jpg": {"driver_state": "alert", "landmarks": [[29, 109], [126, 100], [62, 150], [42, 219], [121, 209]]}, "frame304.jpg": {"driver_state": "yawning", "landmarks": [[48, 99], [140, 91], [94, 127], [66, 217], [139, 209]]}, "frame406.jpg": {"driver_state": "alert", "landmarks": [[37, 119], [135, 102], [82, 160], [59, 228], [141, 213]]}, "frame539.jpg": {"driver_state": "yawning", "landmarks": [[43, 72], [135, 68], [87, 98], [57, 184], [129, 181]]}, "frame293.jpg": {"driver_state": "yawning", "landmarks": [[51, 109], [145, 104], [99, 142], [69, 226], [141, 221]]}, "frame427.jpg": {"driver_state": "alert", "landmarks": [[22, 113], [117, 106], [49, 160], [35, 227], [113, 219]]}, "frame664.jpg": {"driver_state": "alert", "landmarks": [[48, 123], [150, 121], [97, 193], [65, 236], [143, 236]]}, "frame86.jpg": {"driver_state": "yawning", "landmarks": [[47, 102], [139, 96], [96, 127], [66, 211], [136, 205]]}, "frame338.jpg": {"driver_state": "yawning", "landmarks": [[43, 90], [141, 79], [99, 109], [68, 204], [148, 194]]}, "frame309.jpg": {"driver_state": "yawning", "landmarks": [[48, 92], [140, 82], [96, 118], [69, 210], [143, 201]]}, "frame23.jpg": {"driver_state": "alert", "landmarks": [[52, 105], [149, 103], [103, 140], [67, 212], [141, 209]]}, "frame364.jpg": {"driver_state": "alert", "landmarks": [[42, 116], [139, 104], [86, 159], [61, 226], [139, 215]]}, "frame345.jpg": {"driver_state": "yawning", "landmarks": [[37, 99], [135, 80], [89, 114], [65, 218], [144, 201]]}, "frame114.jpg": {"driver_state": "yawning", "landmarks": [[47, 66], [123, 63], [82, 87], [60, 161], [118, 157]]}, "frame533.jpg": {"driver_state": "yawning", "landmarks": [[43, 71], [133, 68], [85, 98], [56, 184], [126, 182]]}, "frame674.jpg": {"driver_state": "alert", "landmarks": [[32, 116], [119, 107], [49, 157], [40, 222], [111, 213]]}, "frame71.jpg": {"driver_state": "yawning", "landmarks": [[58, 110], [155, 106], [113, 138], [75, 222], [149, 219]]}, "frame179.jpg": {"driver_state": "alert", "landmarks": [[45, 117], [145, 110], [93, 172], [57, 222], [149, 216]]}, "frame477.jpg": {"driver_state": "alert", "landmarks": [[46, 113], [143, 110], [87, 162], [58, 231], [130, 228]]}, "frame327.jpg": {"driver_state": "yawning", "landmarks": [[49, 78], [140, 74], [100, 104], [70, 192], [143, 188]]}, "frame88.jpg": {"driver_state": "yawning", "landmarks": [[46, 101], [136, 94], [93, 125], [64, 208], [134, 202]]}, "frame19.jpg": {"driver_state": "alert", "landmarks": [[55, 107], [151, 108], [107, 141], [68, 212], [143, 212]]}, "frame582.jpg": {"driver_state": "yawning", "landmarks": [[47, 110], [143, 101], [96, 145], [69, 227], [140, 220]]}, "frame152.jpg": {"driver_state": "yawning", "landmarks": [[56, 82], [140, 77], [105, 113], [76, 189], [139, 185]]}, "frame128.jpg": {"driver_state": "yawning", "landmarks": [[47, 70], [123, 65], [83, 89], [61, 162], [119, 158]]}, "frame73.jpg": {"driver_state": "yawning", "landmarks": [[56, 108], [152, 104], [110, 138], [74, 220], [146, 216]]}, "frame227.jpg": {"driver_state": "alert", "landmarks": [[44, 117], [143, 112], [89, 160], [59, 228], [138, 222]]}, "frame92.jpg": {"driver_state": "yawning", "landmarks": [[49, 96], [143, 87], [98, 121], [65, 207], [139, 202]]}, "frame627.jpg": {"driver_state": "alert", "landmarks": [[38, 123], [132, 104], [73, 169], [64, 233], [146, 217]]}, "frame445.jpg": {"driver_state": "alert", "landmarks": [[36, 110], [136, 106], [75, 156], [47, 227], [125, 223]]}, "frame488.jpg": {"driver_state": "alert", "landmarks": [[45, 114], [146, 109], [89, 157], [59, 236], [135, 231]]}, "frame100.jpg": {"driver_state": "yawning", "landmarks": [[61, 86], [148, 76], [106, 109], [74, 193], [144, 187]]}, "frame392.jpg": {"driver_state": "yawning", "landmarks": [[42, 118], [136, 101], [81, 160], [69, 232], [132, 218]]}, "frame33.jpg": {"driver_state": "alert", "landmarks": [[50, 104], [146, 107], [100, 138], [60, 208], [135, 209]]}, "frame496.jpg": {"driver_state": "yawning", "landmarks": [[45, 116], [144, 114], [86, 159], [57, 237], [129, 234]]}, "frame644.jpg": {"driver_state": "alert", "landmarks": [[54, 107], [153, 103], [109, 158], [69, 215], [148, 212]]}, "frame576.jpg": {"driver_state": "yawning", "landmarks": [[48, 108], [142, 100], [95, 135], [67, 222], [138, 215]]}, "frame195.jpg": {"driver_state": "alert", "landmarks": [[77, 123], [172, 116], [141, 193], [82, 231], [164, 224]]}, "frame538.jpg": {"driver_state": "yawning", "landmarks": [[43, 72], [134, 67], [86, 96], [57, 184], [128, 180]]}, "frame121.jpg": {"driver_state": "yawning", "landmarks": [[49, 70], [122, 66], [84, 91], [63, 162], [120, 158]]}, "frame391.jpg": {"driver_state": "yawning", "landmarks": [[42, 119], [137, 104], [82, 164], [68, 233], [132, 221]]}, "frame245.jpg": {"driver_state": "alert", "landmarks": [[49, 116], [149, 111], [98, 164], [64, 231], [141, 227]]}, "frame506.jpg": {"driver_state": "yawning", "landmarks": [[42, 102], [136, 91], [85, 132], [60, 220], [132, 211]]}, "frame83.jpg": {"driver_state": "yawning", "landmarks": [[49, 104], [143, 99], [99, 132], [67, 216], [138, 212]]}, "frame228.jpg": {"driver_state": "alert", "landmarks": [[44, 116], [143, 109], [89, 158], [61, 227], [138, 220]]}, "frame660.jpg": {"driver_state": "alert", "landmarks": [[58, 127], [158, 116], [115, 182], [81, 236], [157, 227]]}, "frame90.jpg": {"driver_state": "yawning", "landmarks": [[46, 95], [135, 89], [92, 118], [64, 202], [132, 197]]}, "frame323.jpg": {"driver_state": "yawning", "landmarks": [[49, 86], [138, 77], [100, 109], [73, 196], [146, 188]]}, "frame231.jpg": {"driver_state": "alert", "landmarks": [[44, 117], [143, 109], [88, 159], [61, 229], [139, 221]]}, "frame586.jpg": {"driver_state": "yawning", "landmarks": [[49, 114], [146, 104], [97, 151], [71, 235], [141, 228]]}, "frame211.jpg": {"driver_state": "alert", "landmarks": [[45, 123], [147, 106], [97, 168], [71, 234], [151, 219]]}, "frame370.jpg": {"driver_state": "alert", "landmarks": [[46, 122], [147, 109], [95, 170], [69, 236], [145, 225]]}, "frame566.jpg": {"driver_state": "yawning", "landmarks": [[50, 93], [146, 85], [104, 119], [71, 215], [144, 209]]}, "frame3.jpg": {"driver_state": "alert", "landmarks": [[78, 101], [168, 108], [147, 141], [92, 207], [163, 214]]}, "frame474.jpg": {"driver_state": "alert", "landmarks": [[46, 112], [144, 108], [88, 160], [58, 231], [132, 227]]}, "frame176.jpg": {"driver_state": "alert", "landmarks": [[44, 120], [143, 112], [90, 170], [58, 226], [146, 220]]}, "frame28.jpg": {"driver_state": "alert", "landmarks": [[50, 105], [148, 107], [101, 140], [62, 211], [138, 212]]}, "frame197.jpg": {"driver_state": "alert", "landmarks": [[79, 116], [173, 112], [143, 184], [85, 225], [164, 222]]}, "frame201.jpg": {"driver_state": "alert", "landmarks": [[80, 119], [169, 119], [140, 183], [88, 228], [157, 230]]}, "frame379.jpg": {"driver_state": "yawning", "landmarks": [[46, 124], [145, 115], [91, 171], [65, 244], [137, 236]]}, "frame638.jpg": {"driver_state": "alert", "landmarks": [[45, 112], [139, 100], [91, 157], [67, 222], [138, 211]]}, "frame363.jpg": {"driver_state": "alert", "landmarks": [[41, 118], [138, 106], [85, 160], [61, 225], [139, 214]]}, "frame620.jpg": {"driver_state": "alert", "landmarks": [[43, 125], [133, 104], [83, 162], [72, 226], [145, 207]]}, "frame313.jpg": {"driver_state": "yawning", "landmarks": [[49, 86], [137, 80], [94, 113], [70, 204], [140, 198]]}, "frame659.jpg": {"driver_state": "alert", "landmarks": [[58, 130], [158, 119], [115, 188], [79, 239], [156, 231]]}, "frame300.jpg": {"driver_state": "yawning", "landmarks": [[49, 106], [144, 99], [98, 133], [67, 227], [141, 221]]}, "frame484.jpg": {"driver_state": "alert", "landmarks": [[43, 111], [143, 106], [86, 161], [58, 232], [132, 227]]}, "frame212.jpg": {"driver_state": "alert", "landmarks": [[47, 120], [146, 104], [95, 169], [72, 231], [149, 217]]}, "frame641.jpg": {"driver_state": "alert", "landmarks": [[53, 114], [152, 110], [104, 166], [67, 226], [144, 224]]}, "frame276.jpg": {"driver_state": "alert", "landmarks": [[48, 111], [148, 107], [98, 159], [62, 226], [138, 222]]}, "frame394.jpg": {"driver_state": "yawning", "landmarks": [[47, 126], [142, 104], [88, 159], [77, 247], [145, 230]]}, "frame498.jpg": {"driver_state": "yawning", "landmarks": [[50, 115], [142, 111], [90, 155], [63, 237], [132, 233]]}, "frame39.jpg": {"driver_state": "alert", "landmarks": [[52, 102], [146, 103], [103, 134], [64, 204], [138, 204]]}, "frame166.jpg": {"driver_state": "yawning", "landmarks": [[49, 120], [149, 108], [102, 146], [66, 233], [152, 222]]}, "frame667.jpg": {"driver_state": "alert", "landmarks": [[53, 120], [154, 117], [103, 175], [66, 231], [146, 228]]}, "frame299.jpg": {"driver_state": "yawning", "landmarks": [[48, 99], [139, 94], [92, 134], [68, 220], [136, 216]]}, "frame360.jpg": {"driver_state": "alert", "landmarks": [[41, 113], [137, 102], [85, 152], [58, 218], [141, 207]]}, "frame374.jpg": {"driver_state": "alert", "landmarks": [[45, 127], [144, 116], [89, 174], [67, 243], [142, 233]]}, "frame247.jpg": {"driver_state": "alert", "landmarks": [[50, 119], [150, 113], [100, 168], [66, 234], [140, 230]]}, "frame45.jpg": {"driver_state": "alert", "landmarks": [[52, 94], [148, 96], [105, 120], [65, 196], [140, 196]]}, "frame230.jpg": {"driver_state": "alert", "landmarks": [[44, 117], [143, 109], [88, 159], [62, 228], [138, 220]]}, "frame117.jpg": {"driver_state": "yawning", "landmarks": [[47, 66], [122, 62], [81, 87], [60, 161], [118, 156]]}, "frame46.jpg": {"driver_state": "alert", "landmarks": [[52, 94], [148, 97], [105, 121], [64, 196], [139, 197]]}, "frame278.jpg": {"driver_state": "alert", "landmarks": [[50, 114], [150, 111], [100, 162], [64, 229], [140, 226]]}, "frame597.jpg": {"driver_state": "alert", "landmarks": [[48, 118], [147, 113], [96, 162], [63, 233], [138, 229]]}, "frame432.jpg": {"driver_state": "alert", "landmarks": [[27, 110], [124, 104], [56, 156], [39, 227], [116, 219]]}, "frame329.jpg": {"driver_state": "yawning", "landmarks": [[49, 78], [139, 73], [100, 104], [71, 191], [143, 187]]}, "frame95.jpg": {"driver_state": "yawning", "landmarks": [[53, 91], [146, 79], [102, 117], [72, 201], [143, 194]]}, "frame133.jpg": {"driver_state": "yawning", "landmarks": [[48, 70], [127, 66], [86, 88], [60, 164], [121, 160]]}, "frame97.jpg": {"driver_state": "yawning", "landmarks": [[57, 88], [147, 79], [106, 114], [73, 196], [144, 191]]}, "frame375.jpg": {"driver_state": "alert", "landmarks": [[45, 124], [146, 114], [90, 172], [66, 243], [142, 234]]}, "frame136.jpg": {"driver_state": "yawning", "landmarks": [[47, 69], [126, 67], [85, 90], [58, 165], [120, 161]]}, "frame149.jpg": {"driver_state": "yawning", "landmarks": [[50, 75], [134, 67], [95, 103], [67, 182], [131, 176]]}, "frame129.jpg": {"driver_state": "yawning", "landmarks": [[47, 69], [124, 65], [83, 88], [60, 162], [119, 157]]}, "frame337.jpg": {"driver_state": "yawning", "landmarks": [[45, 90], [142, 78], [100, 108], [70, 204], [150, 193]]}, "frame548.jpg": {"driver_state": "yawning", "landmarks": [[41, 69], [135, 65], [89, 95], [56, 185], [129, 180]]}, "frame303.jpg": {"driver_state": "yawning", "landmarks": [[48, 102], [141, 95], [94, 129], [65, 221], [138, 214]]}, "frame579.jpg": {"driver_state": "yawning", "landmarks": [[47, 108], [143, 101], [96, 140], [66, 221], [138, 216]]}, "frame141.jpg": {"driver_state": "yawning", "landmarks": [[46, 70], [127, 66], [86, 96], [61, 168], [123, 163]]}, "frame476.jpg": {"driver_state": "alert", "landmarks": [[47, 112], [144, 109], [88, 161], [59, 230], [132, 227]]}, "frame612.jpg": {"driver_state": "alert", "landmarks": [[51, 117], [150, 109], [100, 158], [69, 231], [146, 225]]}, "frame592.jpg": {"driver_state": "yawning", "landmarks": [[50, 114], [148, 107], [99, 158], [69, 236], [141, 229]]}, "frame649.jpg": {"driver_state": "alert", "landmarks": [[50, 113], [146, 105], [104, 164], [61, 214], [145, 206]]}, "frame233.jpg": {"driver_state": "alert", "landmarks": [[43, 118], [142, 109], [87, 160], [61, 229], [138, 221]]}, "frame319.jpg": {"driver_state": "yawning", "landmarks": [[50, 87], [139, 76], [100, 110], [75, 203], [149, 194]]}, "frame324.jpg": {"driver_state": "yawning", "landmarks": [[49, 81], [141, 75], [101, 107], [71, 195], [145, 190]]}, "frame333.jpg": {"driver_state": "yawning", "landmarks": [[49, 81], [139, 74], [103, 105], [74, 195], [147, 189]]}, "frame557.jpg": {"driver_state": "yawning", "landmarks": [[45, 83], [140, 76], [96, 105], [63, 199], [141, 193]]}, "frame130.jpg": {"driver_state": "yawning", "landmarks": [[47, 69], [123, 65], [83, 88], [61, 162], [120, 157]]}, "frame583.jpg": {"driver_state": "yawning", "landmarks": [[48, 114], [144, 102], [97, 147], [71, 231], [142, 222]]}, "frame66.jpg": {"driver_state": "alert", "landmarks": [[58, 109], [155, 107], [115, 136], [75, 220], [149, 217]]}, "frame93.jpg": {"driver_state": "yawning", "landmarks": [[46, 93], [131, 86], [88, 116], [63, 198], [130, 193]]}, "frame573.jpg": {"driver_state": "yawning", "landmarks": [[48, 107], [142, 97], [95, 133], [69, 226], [140, 217]]}, "frame619.jpg": {"driver_state": "alert", "landmarks": [[42, 125], [137, 105], [85, 166], [70, 234], [144, 217]]}, "frame552.jpg": {"driver_state": "yawning", "landmarks": [[43, 81], [134, 75], [91, 109], [58, 192], [131, 185]]}, "frame510.jpg": {"driver_state": "yawning", "landmarks": [[44, 96], [138, 87], [90, 119], [62, 211], [135, 203]]}, "frame415.jpg": {"driver_state": "alert", "landmarks": [[37, 113], [132, 103], [75, 152], [52, 218], [130, 207]]}, "frame219.jpg": {"driver_state": "alert", "landmarks": [[44, 116], [144, 110], [92, 158], [60, 227], [139, 222]]}, "frame540.jpg": {"driver_state": "yawning", "landmarks": [[40, 65], [135, 62], [87, 92], [55, 182], [129, 179]]}, "frame414.jpg": {"driver_state": "alert", "landmarks": [[37, 115], [133, 103], [76, 152], [53, 219], [134, 207]]}, "frame20.jpg": {"driver_state": "alert", "landmarks": [[53, 106], [150, 104], [106, 140], [68, 211], [142, 209]]}, "frame335.jpg": {"driver_state": "yawning", "landmarks": [[48, 86], [140, 74], [100, 108], [73, 197], [148, 187]]}, "frame526.jpg": {"driver_state": "yawning", "landmarks": [[41, 73], [134, 66], [85, 99], [59, 188], [131, 183]]}, "frame51.jpg": {"driver_state": "alert", "landmarks": [[54, 94], [148, 97], [106, 122], [66, 197], [139, 198]]}, "frame234.jpg": {"driver_state": "alert", "landmarks": [[43, 118], [142, 110], [90, 159], [61, 228], [138, 220]]}, "frame658.jpg": {"driver_state": "alert", "landmarks": [[58, 130], [160, 121], [117, 191], [78, 239], [156, 232]]}, "frame164.jpg": {"driver_state": "yawning", "landmarks": [[50, 121], [151, 108], [106, 147], [69, 236], [155, 224]]}, "frame532.jpg": {"driver_state": "yawning", "landmarks": [[45, 72], [136, 69], [87, 98], [57, 185], [127, 183]]}, "frame57.jpg": {"driver_state": "alert", "landmarks": [[58, 104], [153, 109], [112, 139], [68, 209], [141, 213]]}, "frame486.jpg": {"driver_state": "alert", "landmarks": [[44, 115], [145, 109], [88, 157], [59, 236], [134, 231]]}, "frame354.jpg": {"driver_state": "yawning", "landmarks": [[39, 107], [134, 90], [83, 132], [63, 219], [142, 205]]}, "frame457.jpg": {"driver_state": "alert", "landmarks": [[42, 116], [140, 112], [82, 165], [54, 233], [128, 229]]}, "frame524.jpg": {"driver_state": "yawning", "landmarks": [[39, 84], [131, 77], [86, 108], [56, 194], [131, 187]]}, "frame295.jpg": {"driver_state": "yawning", "landmarks": [[53, 109], [145, 104], [99, 144], [70, 228], [140, 223]]}, "frame544.jpg": {"driver_state": "yawning", "landmarks": [[41, 68], [136, 65], [89, 94], [55, 185], [129, 181]]}, "frame537.jpg": {"driver_state": "yawning", "landmarks": [[44, 72], [135, 68], [86, 98], [58, 184], [128, 182]]}, "frame468.jpg": {"driver_state": "alert", "landmarks": [[46, 113], [143, 109], [87, 161], [59, 231], [132, 227]]}, "frame534.jpg": {"driver_state": "yawning", "landmarks": [[44, 71], [135, 67], [87, 98], [58, 184], [129, 181]]}, "frame148.jpg": {"driver_state": "yawning", "landmarks": [[49, 76], [134, 68], [93, 107], [64, 184], [130, 177]]}, "frame668.jpg": {"driver_state": "alert", "landmarks": [[49, 117], [150, 117], [98, 171], [61, 227], [142, 225]]}, "frame59.jpg": {"driver_state": "alert", "landmarks": [[58, 104], [154, 108], [112, 138], [70, 211], [143, 213]]}, "frame54.jpg": {"driver_state": "alert", "landmarks": [[57, 99], [154, 105], [113, 132], [67, 205], [142, 208]]}, "frame280.jpg": {"driver_state": "alert", "landmarks": [[51, 114], [151, 111], [101, 163], [65, 229], [140, 227]]}, "frame161.jpg": {"driver_state": "yawning", "landmarks": [[52, 110], [153, 100], [109, 139], [70, 229], [152, 220]]}, "frame431.jpg": {"driver_state": "alert", "landmarks": [[25, 111], [122, 105], [53, 157], [37, 228], [114, 220]]}, "frame264.jpg": {"driver_state": "alert", "landmarks": [[48, 115], [148, 110], [98, 163], [64, 230], [139, 226]]}, "frame331.jpg": {"driver_state": "yawning", "landmarks": [[50, 80], [141, 74], [102, 107], [74, 195], [145, 189]]}, "frame131.jpg": {"driver_state": "yawning", "landmarks": [[47, 69], [123, 66], [83, 88], [59, 162], [118, 158]]}, "frame318.jpg": {"driver_state": "yawning", "landmarks": [[51, 85], [139, 77], [99, 109], [76, 201], [147, 194]]}, "frame630.jpg": {"driver_state": "alert", "landmarks": [[39, 118], [138, 103], [80, 163], [61, 227], [147, 213]]}, "frame261.jpg": {"driver_state": "alert", "landmarks": [[50, 114], [150, 112], [100, 162], [63, 229], [140, 226]]}, "frame671.jpg": {"driver_state": "alert", "landmarks": [[42, 112], [141, 112], [83, 159], [51, 221], [132, 218]]}, "frame497.jpg": {"driver_state": "yawning", "landmarks": [[48, 116], [142, 114], [88, 160], [59, 236], [129, 234]]}, "frame603.jpg": {"driver_state": "alert", "landmarks": [[51, 115], [151, 115], [101, 160], [62, 229], [140, 228]]}, "frame453.jpg": {"driver_state": "alert", "landmarks": [[40, 118], [137, 113], [80, 165], [53, 236], [127, 229]]}, "frame420.jpg": {"driver_state": "alert", "landmarks": [[30, 111], [127, 101], [64, 151], [44, 220], [125, 208]]}, "frame246.jpg": {"driver_state": "alert", "landmarks": [[49, 119], [149, 113], [99, 167], [65, 234], [141, 230]]}, "frame322.jpg": {"driver_state": "yawning", "landmarks": [[48, 87], [138, 77], [99, 111], [73, 199], [146, 191]]}, "frame587.jpg": {"driver_state": "yawning", "landmarks": [[48, 108], [143, 97], [96, 146], [73, 227], [140, 219]]}, "frame285.jpg": {"driver_state": "alert", "landmarks": [[48, 111], [149, 109], [97, 157], [62, 229], [137, 227]]}, "frame263.jpg": {"driver_state": "alert", "landmarks": [[49, 114], [148, 111], [98, 163], [63, 229], [138, 226]]}, "frame594.jpg": {"driver_state": "alert", "landmarks": [[49, 114], [148, 108], [98, 154], [66, 233], [140, 227]]}, "frame577.jpg": {"driver_state": "yawning", "landmarks": [[47, 109], [141, 101], [93, 136], [65, 222], [137, 216]]}, "frame558.jpg": {"driver_state": "yawning", "landmarks": [[47, 84], [142, 76], [98, 106], [64, 202], [141, 195]]}, "frame241.jpg": {"driver_state": "alert", "landmarks": [[45, 118], [146, 111], [95, 161], [62, 231], [141, 225]]}, "frame339.jpg": {"driver_state": "yawning", "landmarks": [[43, 89], [140, 79], [98, 108], [69, 205], [148, 196]]}, "frame256.jpg": {"driver_state": "alert", "landmarks": [[49, 117], [150, 112], [100, 165], [65, 234], [142, 230]]}, "frame605.jpg": {"driver_state": "alert", "landmarks": [[52, 114], [152, 114], [102, 159], [64, 230], [141, 229]]}, "frame373.jpg": {"driver_state": "alert", "landmarks": [[46, 122], [147, 111], [94, 170], [68, 238], [142, 228]]}, "frame65.jpg": {"driver_state": "alert", "landmarks": [[57, 108], [155, 106], [115, 135], [74, 219], [149, 217]]}, "frame144.jpg": {"driver_state": "yawning", "landmarks": [[47, 74], [130, 68], [90, 101], [63, 173], [127, 168]]}, "frame288.jpg": {"driver_state": "yawning", "landmarks": [[49, 112], [145, 107], [96, 150], [65, 229], [137, 225]]}, "frame372.jpg": {"driver_state": "alert", "landmarks": [[47, 121], [148, 110], [96, 169], [69, 237], [144, 227]]}, "frame601.jpg": {"driver_state": "alert", "landmarks": [[50, 116], [149, 116], [99, 161], [61, 231], [138, 230]]}, "frame637.jpg": {"driver_state": "alert", "landmarks": [[43, 113], [139, 99], [87, 158], [66, 226], [139, 214]]}, "frame423.jpg": {"driver_state": "alert", "landmarks": [[28, 109], [124, 101], [59, 151], [41, 220], [119, 211]]}, "frame216.jpg": {"driver_state": "alert", "landmarks": [[48, 117], [148, 109], [97, 162], [66, 229], [143, 222]]}, "frame424.jpg": {"driver_state": "alert", "landmarks": [[25, 113], [121, 106], [55, 161], [40, 227], [118, 220]]}, "frame307.jpg": {"driver_state": "yawning", "landmarks": [[47, 97], [139, 87], [92, 125], [68, 213], [140, 205]]}, "frame243.jpg": {"driver_state": "alert", "landmarks": [[46, 116], [146, 110], [96, 163], [63, 231], [139, 226]]}, "frame578.jpg": {"driver_state": "yawning", "landmarks": [[46, 105], [140, 98], [94, 139], [65, 219], [135, 213]]}, "frame403.jpg": {"driver_state": "alert", "landmarks": [[39, 119], [137, 103], [84, 161], [62, 230], [142, 215]]}, "frame604.jpg": {"driver_state": "alert", "landmarks": [[51, 115], [152, 115], [102, 160], [63, 229], [141, 229]]}, "frame67.jpg": {"driver_state": "alert", "landmarks": [[58, 110], [155, 107], [115, 137], [75, 221], [150, 218]]}, "frame624.jpg": {"driver_state": "alert", "landmarks": [[44, 136], [134, 114], [82, 181], [71, 239], [149, 221]]}, "frame521.jpg": {"driver_state": "yawning", "landmarks": [[39, 86], [129, 78], [82, 109], [57, 198], [130, 190]]}, "frame570.jpg": {"driver_state": "yawning", "landmarks": [[48, 97], [144, 89], [97, 121], [65, 222], [140, 214]]}, "frame615.jpg": {"driver_state": "alert", "landmarks": [[49, 116], [145, 100], [96, 163], [72, 231], [151, 218]]}, "frame487.jpg": {"driver_state": "alert", "landmarks": [[45, 116], [145, 110], [88, 158], [58, 236], [134, 231]]}, "frame479.jpg": {"driver_state": "alert", "landmarks": [[46, 112], [144, 111], [87, 163], [57, 232], [131, 230]]}, "frame606.jpg": {"driver_state": "alert", "landmarks": [[52, 115], [151, 114], [101, 158], [64, 229], [141, 228]]}, "frame493.jpg": {"driver_state": "yawning", "landmarks": [[48, 116], [146, 115], [90, 159], [59, 236], [133, 235]]}, "frame110.jpg": {"driver_state": "yawning", "landmarks": [[48, 67], [126, 61], [85, 91], [63, 167], [124, 160]]}, "frame535.jpg": {"driver_state": "yawning", "landmarks": [[45, 72], [135, 68], [87, 99], [59, 186], [129, 183]]}, "frame70.jpg": {"driver_state": "alert", "landmarks": [[58, 111], [155, 108], [114, 138], [75, 223], [150, 220]]}, "frame91.jpg": {"driver_state": "yawning", "landmarks": [[50, 96], [144, 88], [100, 122], [67, 208], [139, 203]]}, "frame184.jpg": {"driver_state": "alert", "landmarks": [[54, 123], [150, 121], [103, 183], [59, 225], [147, 223]]}, "frame258.jpg": {"driver_state": "alert", "landmarks": [[49, 116], [150, 111], [100, 163], [65, 230], [141, 227]]}, "frame516.jpg": {"driver_state": "yawning", "landmarks": [[37, 81], [128, 75], [77, 115], [57, 198], [127, 192]]}, "frame120.jpg": {"driver_state": "yawning", "landmarks": [[48, 67], [120, 62], [82, 86], [63, 160], [119, 154]]}, "frame140.jpg": {"driver_state": "yawning", "landmarks": [[47, 71], [127, 67], [86, 96], [61, 167], [123, 163]]}, "frame636.jpg": {"driver_state": "alert", "landmarks": [[42, 116], [136, 100], [83, 160], [65, 227], [139, 213]]}, "frame500.jpg": {"driver_state": "yawning", "landmarks": [[51, 110], [143, 106], [91, 149], [64, 230], [134, 226]]}, "frame196.jpg": {"driver_state": "alert", "landmarks": [[80, 121], [174, 113], [146, 190], [84, 229], [165, 221]]}, "frame203.jpg": {"driver_state": "alert", "landmarks": [[83, 103], [172, 105], [144, 161], [86, 211], [156, 212]]}, "frame449.jpg": {"driver_state": "alert", "landmarks": [[41, 119], [138, 113], [76, 161], [54, 234], [128, 229]]}, "frame614.jpg": {"driver_state": "alert", "landmarks": [[44, 123], [146, 107], [94, 164], [71, 238], [148, 224]]}, "frame465.jpg": {"driver_state": "alert", "landmarks": [[44, 114], [141, 111], [83, 164], [56, 234], [129, 230]]}, "frame611.jpg": {"driver_state": "alert", "landmarks": [[51, 120], [149, 111], [100, 162], [70, 235], [144, 228]]}, "frame473.jpg": {"driver_state": "alert", "landmarks": [[45, 113], [143, 109], [86, 162], [58, 231], [131, 227]]}, "frame265.jpg": {"driver_state": "alert", "landmarks": [[48, 113], [147, 109], [98, 161], [63, 228], [137, 224]]}, "frame647.jpg": {"driver_state": "alert", "landmarks": [[52, 109], [151, 103], [107, 159], [64, 215], [147, 208]]}, "frame580.jpg": {"driver_state": "yawning", "landmarks": [[48, 110], [144, 102], [97, 142], [67, 224], [139, 217]]}, "frame618.jpg": {"driver_state": "alert", "landmarks": [[40, 125], [137, 112], [84, 170], [63, 233], [143, 220]]}, "frame22.jpg": {"driver_state": "alert", "landmarks": [[52, 106], [149, 103], [104, 141], [67, 212], [141, 209]]}, "frame482.jpg": {"driver_state": "alert", "landmarks": [[43, 112], [143, 109], [85, 162], [56, 233], [131, 230]]}, "frame520.jpg": {"driver_state": "yawning", "landmarks": [[37, 87], [126, 79], [78, 111], [54, 199], [126, 191]]}, "frame398.jpg": {"driver_state": "alert", "landmarks": [[43, 125], [141, 104], [87, 160], [74, 247], [149, 230]]}, "frame531.jpg": {"driver_state": "yawning", "landmarks": [[42, 73], [135, 68], [85, 100], [56, 188], [128, 184]]}, "frame62.jpg": {"driver_state": "alert", "landmarks": [[57, 105], [154, 105], [112, 135], [72, 217], [146, 216]]}, "frame289.jpg": {"driver_state": "yawning", "landmarks": [[48, 112], [142, 104], [95, 148], [65, 231], [136, 225]]}, "frame669.jpg": {"driver_state": "alert", "landmarks": [[48, 114], [148, 113], [95, 164], [59, 224], [139, 222]]}, "frame407.jpg": {"driver_state": "alert", "landmarks": [[37, 117], [136, 102], [81, 158], [58, 226], [140, 211]]}, "frame137.jpg": {"driver_state": "yawning", "landmarks": [[47, 69], [128, 67], [86, 89], [59, 164], [121, 161]]}, "frame32.jpg": {"driver_state": "alert", "landmarks": [[50, 104], [146, 107], [100, 137], [60, 208], [136, 208]]}, "frame9.jpg": {"driver_state": "alert", "landmarks": [[70, 106], [167, 112], [131, 147], [82, 213], [156, 217]]}, "frame103.jpg": {"driver_state": "yawning", "landmarks": [[47, 80], [130, 74], [87, 105], [63, 183], [128, 177]]}, "frame651.jpg": {"driver_state": "alert", "landmarks": [[56, 110], [157, 101], [114, 158], [70, 214], [155, 206]]}, "frame652.jpg": {"driver_state": "alert", "landmarks": [[56, 107], [155, 99], [112, 157], [72, 213], [152, 206]]}, "frame242.jpg": {"driver_state": "alert", "landmarks": [[46, 116], [147, 110], [96, 160], [63, 229], [141, 224]]}, "frame104.jpg": {"driver_state": "yawning", "landmarks": [[46, 79], [127, 71], [86, 101], [65, 180], [128, 173]]}, "frame60.jpg": {"driver_state": "alert", "landmarks": [[57, 106], [154, 108], [112, 138], [70, 215], [144, 216]]}, "frame650.jpg": {"driver_state": "alert", "landmarks": [[54, 113], [153, 103], [112, 160], [67, 215], [153, 206]]}, "frame315.jpg": {"driver_state": "yawning", "landmarks": [[50, 85], [137, 78], [96, 108], [72, 201], [143, 194]]}, "frame155.jpg": {"driver_state": "yawning", "landmarks": [[52, 89], [145, 84], [105, 120], [74, 205], [143, 202]]}, "frame405.jpg": {"driver_state": "alert", "landmarks": [[37, 120], [135, 103], [82, 161], [60, 228], [142, 213]]}, "frame386.jpg": {"driver_state": "yawning", "landmarks": [[50, 120], [148, 106], [94, 158], [74, 248], [145, 237]]}, "frame244.jpg": {"driver_state": "alert", "landmarks": [[48, 117], [148, 111], [98, 165], [64, 233], [140, 228]]}, "frame125.jpg": {"driver_state": "yawning", "landmarks": [[48, 69], [121, 64], [83, 89], [63, 161], [120, 156]]}}