{"frame550.jpg": {"driver_state": "yawning", "landmarks": [[48, 85], [146, 79], [104, 107], [66, 194], [145, 189]]}, "frame461.jpg": {"driver_state": "alert", "landmarks": [[46, 111], [146, 109], [94, 160], [59, 225], [135, 224]]}, "frame226.jpg": {"driver_state": "alert", "landmarks": [[46, 112], [144, 107], [91, 163], [62, 225], [136, 221]]}, "frame481.jpg": {"driver_state": "alert", "landmarks": [[49, 123], [149, 114], [99, 178], [68, 239], [143, 231]]}, "frame336.jpg": {"driver_state": "yawning", "landmarks": [[45, 85], [140, 82], [97, 106], [62, 203], [141, 199]]}, "frame428.jpg": {"driver_state": "alert", "landmarks": [[52, 115], [148, 112], [100, 165], [65, 230], [141, 226]]}, "frame68.jpg": {"driver_state": "yawning", "landmarks": [[53, 106], [147, 102], [102, 135], [71, 215], [144, 210]]}, "frame463.jpg": {"driver_state": "alert", "landmarks": [[48, 113], [147, 111], [96, 162], [61, 226], [137, 225]]}, "frame113.jpg": {"driver_state": "yawning", "landmarks": [[50, 72], [143, 74], [102, 90], [58, 181], [140, 182]]}, "frame232.jpg": {"driver_state": "alert", "landmarks": [[47, 115], [145, 110], [94, 167], [62, 229], [137, 224]]}, "frame214.jpg": {"driver_state": "alert", "landmarks": [[40, 115], [136, 107], [83, 164], [57, 222], [133, 214]]}, "frame454.jpg": {"driver_state": "alert", "landmarks": [[47, 115], [146, 112], [94, 163], [60, 228], [136, 226]]}, "frame44.jpg": {"driver_state": "alert", "landmarks": [[51, 109], [147, 109], [101, 149], [62, 212], [138, 212]]}, "frame444.jpg": {"driver_state": "alert", "landmarks": [[51, 119], [147, 112], [99, 171], [67, 234], [140, 228]]}, "frame116.jpg": {"driver_state": "yawning", "landmarks": [[46, 77], [140, 77], [102, 90], [61, 182], [142, 179]]}, "frame167.jpg": {"driver_state": "yawning", "landmarks": [[47, 132], [152, 122], [98, 199], [72, 254], [146, 246]]}, "frame528.jpg": {"driver_state": "yawning", "landmarks": [[54, 81], [139, 75], [101, 106], [73, 184], [141, 179]]}, "frame511.jpg": {"driver_state": "yawning", "landmarks": [[52, 96], [145, 89], [102, 125], [74, 219], [146, 214]]}, "frame416.jpg": {"driver_state": "alert", "landmarks": [[50, 118], [147, 114], [97, 168], [64, 233], [141, 229]]}, "frame589.jpg": {"driver_state": "alert", "landmarks": [[45, 111], [137, 106], [87, 154], [60, 222], [129, 218]]}, "frame132.jpg": {"driver_state": "yawning", "landmarks": [[48, 87], [142, 84], [98, 108], [60, 194], [139, 189]]}, "frame108.jpg": {"driver_state": "yawning", "landmarks": [[47, 70], [138, 72], [101, 96], [61, 183], [136, 184]]}, "frame389.jpg": {"driver_state": "alert", "landmarks": [[43, 100], [142, 89], [94, 122], [61, 214], [142, 205]]}, "frame24.jpg": {"driver_state": "alert", "landmarks": [[54, 111], [150, 108], [107, 147], [68, 214], [145, 211]]}, "frame291.jpg": {"driver_state": "alert", "landmarks": [[50, 117], [149, 111], [98, 162], [65, 229], [141, 224]]}, "frame182.jpg": {"driver_state": "yawning", "landmarks": [[47, 132], [150, 118], [98, 192], [74, 252], [145, 242]]}, "frame585.jpg": {"driver_state": "alert", "landmarks": [[49, 108], [143, 100], [94, 152], [65, 221], [138, 216]]}, "frame565.jpg": {"driver_state": "alert", "landmarks": [[55, 96], [149, 84], [105, 120], [71, 200], [148, 192]]}, "frame191.jpg": {"driver_state": "yawning", "landmarks": [[46, 118], [143, 102], [93, 162], [73, 238], [142, 226]]}, "frame80.jpg": {"driver_state": "yawning", "landmarks": [[47, 97], [139, 93], [96, 120], [63, 211], [138, 206]]}, "frame443.jpg": {"driver_state": "alert", "landmarks": [[50, 117], [146, 109], [98, 168], [66, 231], [139, 225]]}, "frame175.jpg": {"driver_state": "yawning", "landmarks": [[53, 129], [152, 121], [100, 186], [72, 250], [149, 243]]}, "frame27.jpg": {"driver_state": "alert", "landmarks": [[52, 109], [148, 106], [103, 147], [66, 213], [142, 210]]}, "frame52.jpg": {"driver_state": "alert", "landmarks": [[50, 106], [148, 108], [102, 145], [62, 210], [139, 211]]}, "frame629.jpg": {"driver_state": "alert", "landmarks": [[50, 114], [146, 109], [97, 163], [65, 228], [138, 224]]}, "frame257.jpg": {"driver_state": "alert", "landmarks": [[53, 111], [150, 109], [102, 154], [65, 223], [140, 221]]}, "frame42.jpg": {"driver_state": "alert", "landmarks": [[51, 108], [147, 108], [101, 148], [62, 213], [138, 212]]}, "frame255.jpg": {"driver_state": "alert", "landmarks": [[50, 111], [147, 109], [99, 154], [64, 224], [139, 222]]}, "frame626.jpg": {"driver_state": "alert", "landmarks": [[55, 112], [151, 114], [104, 168], [64, 229], [136, 230]]}, "frame381.jpg": {"driver_state": "yawning", "landmarks": [[51, 86], [143, 79], [105, 102], [70, 200], [150, 194]]}, "frame48.jpg": {"driver_state": "alert", "landmarks": [[50, 107], [147, 108], [100, 145], [62, 211], [138, 211]]}, "frame346.jpg": {"driver_state": "yawning", "landmarks": [[46, 84], [143, 80], [102, 103], [61, 201], [145, 196]]}, "frame213.jpg": {"driver_state": "alert", "landmarks": [[40, 113], [137, 104], [84, 161], [57, 219], [134, 211]]}, "frame290.jpg": {"driver_state": "alert", "landmarks": [[51, 117], [150, 112], [99, 163], [65, 230], [140, 225]]}, "frame281.jpg": {"driver_state": "alert", "landmarks": [[52, 116], [149, 112], [100, 158], [67, 228], [142, 224]]}, "frame562.jpg": {"driver_state": "yawning", "landmarks": [[55, 91], [148, 82], [106, 117], [70, 197], [145, 191]]}, "frame87.jpg": {"driver_state": "yawning", "landmarks": [[48, 86], [138, 80], [94, 113], [64, 195], [137, 190]]}, "frame561.jpg": {"driver_state": "yawning", "landmarks": [[55, 91], [148, 82], [106, 114], [70, 195], [146, 189]]}, "frame362.jpg": {"driver_state": "yawning", "landmarks": [[47, 85], [144, 82], [102, 109], [63, 205], [144, 201]]}, "frame99.jpg": {"driver_state": "yawning", "landmarks": [[44, 87], [134, 76], [89, 98], [58, 192], [137, 182]]}, "frame621.jpg": {"driver_state": "alert", "landmarks": [[47, 111], [143, 112], [94, 155], [57, 219], [132, 220]]}, "frame610.jpg": {"driver_state": "alert", "landmarks": [[41, 107], [135, 105], [79, 154], [53, 216], [126, 214]]}, "frame347.jpg": {"driver_state": "yawning", "landmarks": [[46, 81], [143, 79], [102, 102], [60, 197], [143, 195]]}, "frame588.jpg": {"driver_state": "alert", "landmarks": [[43, 109], [138, 105], [86, 159], [58, 222], [128, 219]]}, "frame400.jpg": {"driver_state": "alert", "landmarks": [[47, 110], [147, 102], [93, 149], [64, 228], [144, 220]]}, "frame598.jpg": {"driver_state": "alert", "landmarks": [[43, 111], [135, 106], [84, 155], [56, 223], [129, 217]]}, "frame238.jpg": {"driver_state": "alert", "landmarks": [[47, 114], [143, 111], [92, 162], [61, 225], [135, 221]]}, "frame351.jpg": {"driver_state": "yawning", "landmarks": [[46, 77], [144, 78], [104, 101], [61, 195], [143, 195]]}, "frame53.jpg": {"driver_state": "alert", "landmarks": [[50, 107], [147, 107], [102, 146], [62, 212], [139, 212]]}, "frame36.jpg": {"driver_state": "alert", "landmarks": [[52, 108], [149, 108], [105, 145], [65, 213], [142, 212]]}, "frame269.jpg": {"driver_state": "alert", "landmarks": [[48, 109], [146, 106], [95, 151], [63, 220], [137, 218]]}, "frame306.jpg": {"driver_state": "alert", "landmarks": [[52, 117], [151, 109], [102, 159], [70, 235], [144, 228]]}, "frame475.jpg": {"driver_state": "alert", "landmarks": [[51, 115], [149, 110], [101, 165], [66, 230], [140, 225]]}, "frame0.jpg": {"driver_state": "alert", "landmarks": [[73, 103], [168, 108], [134, 145], [83, 207], [159, 211]]}, "frame217.jpg": {"driver_state": "alert", "landmarks": [[43, 114], [140, 108], [85, 163], [58, 223], [134, 217]]}, "frame185.jpg": {"driver_state": "yawning", "landmarks": [[45, 127], [145, 112], [93, 183], [74, 247], [144, 235]]}, "frame343.jpg": {"driver_state": "yawning", "landmarks": [[45, 83], [144, 80], [100, 104], [60, 201], [145, 197]]}, "frame467.jpg": {"driver_state": "alert", "landmarks": [[53, 116], [150, 112], [101, 165], [66, 230], [138, 227]]}, "frame253.jpg": {"driver_state": "alert", "landmarks": [[50, 113], [147, 110], [99, 155], [64, 224], [140, 222]]}, "frame328.jpg": {"driver_state": "yawning", "landmarks": [[48, 92], [144, 87], [101, 116], [65, 213], [144, 209]]}, "frame75.jpg": {"driver_state": "yawning", "landmarks": [[49, 106], [142, 100], [100, 129], [69, 221], [144, 214]]}, "frame16.jpg": {"driver_state": "alert", "landmarks": [[60, 109], [155, 107], [116, 145], [73, 210], [150, 208]]}, "frame102.jpg": {"driver_state": "yawning", "landmarks": [[46, 85], [137, 78], [95, 96], [61, 189], [141, 181]]}, "frame568.jpg": {"driver_state": "alert", "landmarks": [[53, 97], [148, 87], [101, 124], [67, 202], [145, 195]]}, "frame266.jpg": {"driver_state": "alert", "landmarks": [[49, 109], [147, 107], [96, 152], [63, 220], [138, 218]]}, "frame632.jpg": {"driver_state": "alert", "landmarks": [[44, 114], [139, 103], [88, 162], [66, 227], [137, 218]]}, "frame282.jpg": {"driver_state": "alert", "landmarks": [[46, 110], [145, 105], [94, 153], [63, 223], [138, 218]]}, "frame122.jpg": {"driver_state": "yawning", "landmarks": [[45, 77], [138, 78], [101, 90], [61, 182], [140, 181]]}, "frame581.jpg": {"driver_state": "alert", "landmarks": [[41, 106], [136, 101], [83, 149], [56, 218], [126, 214]]}, "frame127.jpg": {"driver_state": "yawning", "landmarks": [[52, 80], [145, 79], [103, 99], [62, 193], [142, 191]]}, "frame18.jpg": {"driver_state": "alert", "landmarks": [[56, 107], [152, 107], [111, 145], [69, 210], [145, 209]]}, "frame625.jpg": {"driver_state": "alert", "landmarks": [[59, 115], [154, 118], [108, 167], [65, 229], [139, 232]]}, "frame441.jpg": {"driver_state": "alert", "landmarks": [[48, 115], [144, 107], [96, 165], [65, 229], [138, 223]]}, "frame549.jpg": {"driver_state": "yawning", "landmarks": [[48, 85], [144, 79], [104, 105], [67, 191], [144, 185]]}, "frame616.jpg": {"driver_state": "alert", "landmarks": [[46, 107], [141, 105], [90, 153], [57, 216], [130, 214]]}, "frame382.jpg": {"driver_state": "yawning", "landmarks": [[50, 85], [142, 80], [106, 103], [71, 203], [150, 197]]}, "frame600.jpg": {"driver_state": "alert", "landmarks": [[43, 112], [138, 107], [83, 161], [57, 225], [129, 221]]}, "frame172.jpg": {"driver_state": "yawning", "landmarks": [[53, 121], [154, 117], [104, 181], [73, 249], [150, 247]]}, "frame348.jpg": {"driver_state": "yawning", "landmarks": [[48, 78], [143, 78], [103, 100], [61, 195], [144, 193]]}, "frame235.jpg": {"driver_state": "alert", "landmarks": [[46, 115], [144, 109], [92, 164], [62, 227], [137, 222]]}, "frame356.jpg": {"driver_state": "yawning", "landmarks": [[46, 77], [141, 79], [101, 103], [60, 198], [140, 198]]}, "frame434.jpg": {"driver_state": "alert", "landmarks": [[50, 117], [146, 108], [99, 166], [68, 231], [141, 224]]}, "frame388.jpg": {"driver_state": "alert", "landmarks": [[39, 100], [138, 88], [90, 120], [58, 213], [139, 204]]}, "frame8.jpg": {"driver_state": "alert", "landmarks": [[64, 105], [159, 105], [123, 144], [79, 209], [153, 209]]}, "frame519.jpg": {"driver_state": "yawning", "landmarks": [[54, 81], [144, 77], [102, 114], [72, 201], [139, 199]]}, "frame543.jpg": {"driver_state": "yawning", "landmarks": [[47, 74], [142, 71], [102, 100], [64, 184], [141, 179]]}, "frame384.jpg": {"driver_state": "yawning", "landmarks": [[50, 91], [142, 84], [104, 109], [69, 210], [149, 202]]}, "frame560.jpg": {"driver_state": "yawning", "landmarks": [[56, 89], [150, 82], [108, 115], [70, 195], [147, 190]]}, "frame483.jpg": {"driver_state": "alert", "landmarks": [[52, 121], [150, 114], [101, 175], [68, 236], [146, 230]]}, "frame312.jpg": {"driver_state": "yawning", "landmarks": [[53, 109], [149, 99], [103, 145], [76, 229], [147, 222]]}, "frame491.jpg": {"driver_state": "alert", "landmarks": [[53, 125], [155, 118], [104, 184], [71, 244], [152, 239]]}, "frame268.jpg": {"driver_state": "alert", "landmarks": [[52, 112], [149, 110], [100, 154], [66, 223], [141, 221]]}, "frame105.jpg": {"driver_state": "yawning", "landmarks": [[51, 80], [142, 77], [101, 96], [60, 188], [140, 185]]}, "frame220.jpg": {"driver_state": "alert", "landmarks": [[45, 113], [142, 108], [87, 163], [59, 223], [135, 219]]}, "frame49.jpg": {"driver_state": "alert", "landmarks": [[50, 106], [147, 107], [101, 144], [62, 211], [138, 210]]}, "frame267.jpg": {"driver_state": "alert", "landmarks": [[48, 108], [146, 106], [96, 150], [62, 219], [137, 217]]}, "frame189.jpg": {"driver_state": "yawning", "landmarks": [[45, 126], [143, 109], [94, 172], [73, 244], [143, 232]]}, "frame210.jpg": {"driver_state": "alert", "landmarks": [[41, 118], [137, 108], [86, 164], [57, 225], [136, 215]]}, "frame308.jpg": {"driver_state": "yawning", "landmarks": [[51, 115], [147, 107], [99, 156], [69, 236], [142, 229]]}, "frame109.jpg": {"driver_state": "yawning", "landmarks": [[46, 69], [137, 70], [99, 94], [60, 180], [136, 180]]}, "frame7.jpg": {"driver_state": "alert", "landmarks": [[66, 105], [160, 108], [126, 145], [78, 208], [153, 211]]}, "frame512.jpg": {"driver_state": "yawning", "landmarks": [[53, 106], [148, 98], [105, 129], [73, 226], [147, 218]]}, "frame459.jpg": {"driver_state": "alert", "landmarks": [[48, 113], [147, 111], [96, 162], [61, 227], [136, 225]]}, "frame554.jpg": {"driver_state": "yawning", "landmarks": [[44, 76], [141, 72], [100, 105], [60, 191], [139, 185]]}, "frame310.jpg": {"driver_state": "yawning", "landmarks": [[51, 110], [147, 101], [100, 149], [73, 232], [144, 224]]}, "frame252.jpg": {"driver_state": "alert", "landmarks": [[50, 111], [146, 109], [98, 155], [64, 224], [139, 222]]}, "frame170.jpg": {"driver_state": "yawning", "landmarks": [[55, 122], [154, 118], [105, 180], [75, 246], [151, 244]]}, "frame260.jpg": {"driver_state": "alert", "landmarks": [[53, 111], [150, 109], [102, 154], [66, 222], [141, 220]]}, "frame404.jpg": {"driver_state": "alert", "landmarks": [[45, 113], [145, 105], [92, 148], [60, 233], [140, 227]]}, "frame325.jpg": {"driver_state": "yawning", "landmarks": [[54, 89], [143, 85], [104, 116], [74, 209], [145, 207]]}, "frame503.jpg": {"driver_state": "yawning", "landmarks": [[57, 116], [154, 108], [107, 153], [76, 239], [149, 232]]}, "frame446.jpg": {"driver_state": "alert", "landmarks": [[52, 116], [148, 110], [100, 167], [67, 230], [139, 225]]}, "frame138.jpg": {"driver_state": "yawning", "landmarks": [[47, 100], [138, 88], [93, 113], [60, 207], [140, 196]]}, "frame559.jpg": {"driver_state": "yawning", "landmarks": [[52, 90], [144, 81], [101, 114], [69, 196], [145, 189]]}, "frame81.jpg": {"driver_state": "yawning", "landmarks": [[47, 97], [140, 93], [95, 120], [63, 209], [138, 205]]}, "frame209.jpg": {"driver_state": "alert", "landmarks": [[44, 113], [139, 105], [89, 162], [60, 220], [139, 213]]}, "frame79.jpg": {"driver_state": "yawning", "landmarks": [[48, 99], [141, 92], [98, 123], [67, 214], [141, 208]]}, "frame367.jpg": {"driver_state": "yawning", "landmarks": [[46, 84], [143, 80], [96, 105], [62, 202], [143, 196]]}, "frame495.jpg": {"driver_state": "alert", "landmarks": [[54, 126], [154, 120], [104, 183], [71, 243], [151, 237]]}, "frame448.jpg": {"driver_state": "alert", "landmarks": [[52, 117], [148, 111], [100, 166], [67, 231], [140, 226]]}, "frame85.jpg": {"driver_state": "yawning", "landmarks": [[48, 89], [139, 83], [94, 115], [65, 201], [138, 196]]}, "frame298.jpg": {"driver_state": "alert", "landmarks": [[51, 114], [150, 109], [100, 160], [67, 228], [141, 223]]}, "frame249.jpg": {"driver_state": "alert", "landmarks": [[52, 108], [152, 107], [100, 155], [63, 219], [140, 218]]}, "frame527.jpg": {"driver_state": "yawning", "landmarks": [[53, 79], [138, 74], [101, 104], [71, 183], [140, 178]]}, "frame622.jpg": {"driver_state": "alert", "landmarks": [[48, 110], [146, 112], [98, 156], [59, 221], [133, 222]]}, "frame341.jpg": {"driver_state": "yawning", "landmarks": [[49, 82], [143, 82], [100, 105], [60, 198], [141, 197]]}, "frame417.jpg": {"driver_state": "alert", "landmarks": [[47, 115], [147, 109], [95, 159], [62, 230], [139, 225]]}, "frame513.jpg": {"driver_state": "yawning", "landmarks": [[54, 101], [149, 93], [105, 122], [73, 220], [148, 213]]}, "frame188.jpg": {"driver_state": "yawning", "landmarks": [[45, 125], [141, 109], [92, 173], [73, 243], [141, 230]]}, "frame628.jpg": {"driver_state": "alert", "landmarks": [[52, 112], [147, 109], [100, 167], [65, 229], [136, 226]]}, "frame26.jpg": {"driver_state": "alert", "landmarks": [[53, 109], [149, 106], [105, 147], [67, 213], [144, 209]]}, "frame530.jpg": {"driver_state": "yawning", "landmarks": [[56, 78], [141, 74], [104, 104], [73, 183], [143, 179]]}, "frame222.jpg": {"driver_state": "alert", "landmarks": [[44, 114], [141, 109], [87, 163], [59, 225], [134, 220]]}, "frame107.jpg": {"driver_state": "yawning", "landmarks": [[50, 76], [142, 78], [100, 96], [58, 184], [138, 184]]}, "frame78.jpg": {"driver_state": "yawning", "landmarks": [[50, 102], [142, 95], [99, 127], [68, 216], [142, 210]]}, "frame115.jpg": {"driver_state": "yawning", "landmarks": [[51, 74], [142, 76], [103, 92], [60, 182], [139, 182]]}, "frame471.jpg": {"driver_state": "alert", "landmarks": [[53, 115], [150, 111], [102, 164], [67, 228], [140, 224]]}, "frame96.jpg": {"driver_state": "yawning", "landmarks": [[49, 81], [135, 74], [95, 105], [66, 188], [138, 182]]}, "frame514.jpg": {"driver_state": "yawning", "landmarks": [[53, 99], [149, 93], [105, 122], [71, 217], [147, 212]]}, "frame193.jpg": {"driver_state": "yawning", "landmarks": [[47, 119], [143, 103], [94, 164], [75, 238], [143, 226]]}, "frame631.jpg": {"driver_state": "alert", "landmarks": [[46, 119], [147, 108], [94, 171], [67, 235], [140, 228]]}, "frame613.jpg": {"driver_state": "alert", "landmarks": [[42, 108], [136, 106], [82, 152], [54, 216], [128, 214]]}, "frame2.jpg": {"driver_state": "alert", "landmarks": [[71, 104], [166, 107], [133, 146], [83, 208], [158, 210]]}, "frame35.jpg": {"driver_state": "alert", "landmarks": [[52, 108], [149, 108], [105, 147], [65, 213], [141, 213]]}, "frame334.jpg": {"driver_state": "yawning", "landmarks": [[45, 86], [141, 84], [97, 107], [59, 205], [140, 201]]}, "frame470.jpg": {"driver_state": "alert", "landmarks": [[54, 115], [150, 111], [103, 164], [67, 228], [140, 225]]}, "frame30.jpg": {"driver_state": "alert", "landmarks": [[51, 109], [148, 106], [102, 145], [65, 213], [142, 210]]}, "frame248.jpg": {"driver_state": "alert", "landmarks": [[47, 107], [145, 106], [93, 151], [60, 218], [136, 216]]}, "frame408.jpg": {"driver_state": "alert", "landmarks": [[46, 115], [142, 109], [91, 159], [62, 232], [137, 228]]}, "frame135.jpg": {"driver_state": "yawning", "landmarks": [[46, 94], [137, 83], [93, 110], [60, 197], [140, 187]]}, "frame478.jpg": {"driver_state": "alert", "landmarks": [[52, 118], [150, 110], [101, 168], [69, 232], [144, 226]]}, "frame236.jpg": {"driver_state": "alert", "landmarks": [[46, 115], [144, 110], [92, 163], [62, 228], [136, 223]]}, "frame447.jpg": {"driver_state": "alert", "landmarks": [[53, 116], [148, 111], [100, 167], [66, 230], [138, 226]]}, "frame517.jpg": {"driver_state": "yawning", "landmarks": [[54, 92], [145, 84], [105, 119], [76, 207], [146, 201]]}, "frame41.jpg": {"driver_state": "alert", "landmarks": [[50, 108], [147, 108], [101, 147], [62, 214], [139, 212]]}, "frame250.jpg": {"driver_state": "alert", "landmarks": [[53, 109], [152, 108], [100, 156], [64, 221], [141, 219]]}, "frame368.jpg": {"driver_state": "yawning", "landmarks": [[46, 84], [144, 80], [95, 103], [61, 205], [143, 200]]}, "frame596.jpg": {"driver_state": "alert", "landmarks": [[47, 108], [143, 101], [91, 153], [63, 221], [138, 217]]}, "frame173.jpg": {"driver_state": "yawning", "landmarks": [[46, 130], [153, 119], [99, 198], [74, 255], [147, 247]]}, "frame571.jpg": {"driver_state": "alert", "landmarks": [[52, 104], [147, 95], [100, 135], [65, 209], [143, 202]]}, "frame502.jpg": {"driver_state": "yawning", "landmarks": [[56, 120], [153, 114], [107, 159], [75, 240], [147, 234]]}, "frame352.jpg": {"driver_state": "yawning", "landmarks": [[45, 78], [143, 79], [103, 102], [61, 196], [143, 196]]}, "frame451.jpg": {"driver_state": "alert", "landmarks": [[51, 117], [149, 111], [100, 168], [65, 232], [139, 227]]}, "frame272.jpg": {"driver_state": "alert", "landmarks": [[48, 109], [146, 105], [95, 153], [63, 221], [138, 216]]}, "frame430.jpg": {"driver_state": "alert", "landmarks": [[52, 114], [148, 110], [100, 163], [65, 229], [142, 225]]}, "frame237.jpg": {"driver_state": "alert", "landmarks": [[47, 115], [145, 110], [94, 164], [63, 228], [137, 223]]}, "frame94.jpg": {"driver_state": "yawning", "landmarks": [[46, 87], [136, 82], [92, 104], [61, 196], [138, 189]]}, "frame187.jpg": {"driver_state": "yawning", "landmarks": [[44, 124], [143, 108], [91, 178], [75, 246], [143, 234]]}, "frame480.jpg": {"driver_state": "alert", "landmarks": [[48, 121], [148, 112], [97, 173], [66, 236], [141, 228]]}, "frame221.jpg": {"driver_state": "alert", "landmarks": [[44, 114], [140, 109], [86, 163], [59, 224], [134, 219]]}, "frame422.jpg": {"driver_state": "alert", "landmarks": [[46, 113], [145, 108], [94, 161], [62, 229], [137, 223]]}, "frame74.jpg": {"driver_state": "yawning", "landmarks": [[50, 107], [144, 99], [102, 132], [70, 223], [145, 216]]}, "frame462.jpg": {"driver_state": "alert", "landmarks": [[48, 112], [148, 111], [97, 161], [62, 226], [136, 224]]}, "frame69.jpg": {"driver_state": "yawning", "landmarks": [[54, 105], [147, 101], [103, 133], [72, 214], [145, 210]]}, "frame387.jpg": {"driver_state": "yawning", "landmarks": [[41, 95], [139, 84], [92, 113], [60, 208], [141, 200]]}, "frame518.jpg": {"driver_state": "yawning", "landmarks": [[57, 83], [146, 78], [106, 115], [76, 199], [143, 197]]}, "frame505.jpg": {"driver_state": "yawning", "landmarks": [[54, 112], [152, 106], [108, 146], [74, 234], [148, 228]]}, "frame525.jpg": {"driver_state": "yawning", "landmarks": [[54, 81], [139, 77], [100, 106], [71, 182], [139, 178]]}, "frame118.jpg": {"driver_state": "yawning", "landmarks": [[46, 77], [139, 77], [102, 91], [62, 182], [142, 180]]}, "frame555.jpg": {"driver_state": "yawning", "landmarks": [[47, 76], [144, 72], [103, 108], [62, 190], [140, 185]]}, "frame254.jpg": {"driver_state": "alert", "landmarks": [[51, 113], [148, 111], [100, 155], [65, 225], [140, 223]]}, "frame509.jpg": {"driver_state": "yawning", "landmarks": [[50, 102], [145, 94], [102, 132], [74, 224], [146, 219]]}, "frame134.jpg": {"driver_state": "yawning", "landmarks": [[46, 83], [138, 75], [97, 105], [66, 191], [142, 184]]}, "frame192.jpg": {"driver_state": "yawning", "landmarks": [[45, 117], [141, 100], [93, 160], [74, 234], [142, 221]]}, "frame169.jpg": {"driver_state": "yawning", "landmarks": [[52, 129], [151, 119], [101, 186], [72, 248], [147, 241]]}, "frame399.jpg": {"driver_state": "alert", "landmarks": [[48, 110], [147, 101], [95, 147], [65, 225], [144, 217]]}, "frame202.jpg": {"driver_state": "alert", "landmarks": [[45, 113], [138, 97], [91, 149], [66, 215], [145, 201]]}, "frame126.jpg": {"driver_state": "yawning", "landmarks": [[45, 82], [140, 80], [102, 95], [61, 187], [143, 184]]}, "frame190.jpg": {"driver_state": "yawning", "landmarks": [[47, 128], [143, 113], [92, 177], [73, 248], [142, 237]]}, "frame262.jpg": {"driver_state": "alert", "landmarks": [[53, 111], [149, 109], [101, 153], [66, 222], [140, 220]]}, "frame397.jpg": {"driver_state": "alert", "landmarks": [[40, 109], [141, 99], [87, 142], [58, 223], [135, 214]]}, "frame435.jpg": {"driver_state": "alert", "landmarks": [[50, 117], [146, 108], [99, 166], [68, 231], [140, 223]]}, "frame437.jpg": {"driver_state": "alert", "landmarks": [[50, 116], [146, 108], [99, 166], [68, 230], [140, 223]]}, "frame439.jpg": {"driver_state": "alert", "landmarks": [[50, 117], [146, 109], [98, 166], [67, 231], [140, 224]]}, "frame553.jpg": {"driver_state": "yawning", "landmarks": [[47, 83], [144, 78], [104, 105], [66, 192], [145, 187]]}, "frame569.jpg": {"driver_state": "alert", "landmarks": [[46, 99], [139, 93], [92, 126], [62, 200], [135, 193]]}, "frame353.jpg": {"driver_state": "yawning", "landmarks": [[45, 80], [143, 80], [102, 105], [60, 200], [142, 199]]}, "frame411.jpg": {"driver_state": "alert", "landmarks": [[49, 118], [147, 110], [97, 165], [67, 234], [141, 228]]}, "frame43.jpg": {"driver_state": "alert", "landmarks": [[52, 109], [148, 109], [102, 150], [63, 214], [138, 213]]}, "frame50.jpg": {"driver_state": "alert", "landmarks": [[48, 107], [146, 108], [100, 145], [60, 210], [137, 211]]}, "frame279.jpg": {"driver_state": "alert", "landmarks": [[51, 115], [148, 111], [99, 155], [66, 226], [142, 222]]}, "frame412.jpg": {"driver_state": "alert", "landmarks": [[49, 117], [147, 109], [97, 164], [67, 232], [141, 226]]}, "frame377.jpg": {"driver_state": "yawning", "landmarks": [[50, 85], [143, 80], [103, 106], [69, 203], [146, 199]]}, "frame200.jpg": {"driver_state": "alert", "landmarks": [[46, 116], [139, 100], [93, 152], [68, 219], [145, 205]]}, "frame501.jpg": {"driver_state": "yawning", "landmarks": [[54, 121], [148, 114], [102, 161], [71, 237], [143, 231]]}, "frame438.jpg": {"driver_state": "alert", "landmarks": [[51, 117], [147, 108], [99, 166], [68, 230], [141, 224]]}, "frame460.jpg": {"driver_state": "alert", "landmarks": [[47, 112], [146, 110], [94, 161], [60, 226], [136, 224]]}, "frame177.jpg": {"driver_state": "yawning", "landmarks": [[50, 127], [153, 116], [102, 188], [75, 247], [145, 238]]}, "frame401.jpg": {"driver_state": "alert", "landmarks": [[48, 113], [141, 102], [92, 148], [63, 227], [137, 219]]}, "frame301.jpg": {"driver_state": "alert", "landmarks": [[51, 113], [150, 108], [100, 156], [66, 225], [141, 220]]}, "frame450.jpg": {"driver_state": "alert", "landmarks": [[52, 117], [149, 112], [99, 168], [66, 233], [139, 228]]}, "frame168.jpg": {"driver_state": "yawning", "landmarks": [[47, 132], [152, 121], [98, 199], [73, 254], [146, 247]]}, "frame507.jpg": {"driver_state": "yawning", "landmarks": [[50, 103], [145, 96], [102, 132], [73, 223], [145, 217]]}, "frame349.jpg": {"driver_state": "yawning", "landmarks": [[46, 78], [143, 78], [102, 99], [60, 195], [143, 194]]}, "frame390.jpg": {"driver_state": "alert", "landmarks": [[42, 100], [142, 88], [93, 123], [61, 213], [140, 204]]}, "frame572.jpg": {"driver_state": "alert", "landmarks": [[51, 104], [146, 96], [98, 139], [64, 211], [142, 205]]}, "frame371.jpg": {"driver_state": "yawning", "landmarks": [[46, 85], [139, 80], [99, 109], [66, 205], [143, 200]]}, "frame358.jpg": {"driver_state": "yawning", "landmarks": [[46, 79], [141, 81], [101, 106], [61, 198], [140, 198]]}, "frame223.jpg": {"driver_state": "alert", "landmarks": [[45, 114], [142, 109], [88, 164], [60, 225], [134, 220]]}, "frame418.jpg": {"driver_state": "alert", "landmarks": [[46, 115], [146, 108], [94, 163], [63, 230], [138, 224]]}, "frame355.jpg": {"driver_state": "yawning", "landmarks": [[45, 82], [141, 83], [101, 107], [60, 202], [141, 201]]}, "frame311.jpg": {"driver_state": "yawning", "landmarks": [[51, 109], [147, 99], [101, 147], [74, 230], [145, 222]]}, "frame633.jpg": {"driver_state": "alert", "landmarks": [[41, 110], [136, 100], [82, 154], [60, 223], [136, 216]]}, "frame472.jpg": {"driver_state": "alert", "landmarks": [[53, 115], [150, 110], [102, 163], [66, 228], [140, 224]]}, "frame119.jpg": {"driver_state": "yawning", "landmarks": [[50, 70], [141, 75], [102, 91], [59, 181], [137, 183]]}, "frame541.jpg": {"driver_state": "yawning", "landmarks": [[47, 75], [140, 71], [99, 99], [63, 181], [139, 177]]}, "frame369.jpg": {"driver_state": "yawning", "landmarks": [[44, 82], [138, 77], [97, 106], [65, 201], [143, 196]]}, "frame395.jpg": {"driver_state": "alert", "landmarks": [[40, 105], [141, 95], [88, 134], [60, 216], [136, 207]]}, "frame273.jpg": {"driver_state": "alert", "landmarks": [[46, 114], [144, 109], [95, 154], [62, 224], [139, 220]]}, "frame378.jpg": {"driver_state": "yawning", "landmarks": [[51, 84], [140, 78], [104, 101], [70, 197], [148, 191]]}, "frame274.jpg": {"driver_state": "alert", "landmarks": [[46, 109], [145, 105], [93, 152], [62, 221], [137, 217]]}, "frame332.jpg": {"driver_state": "yawning", "landmarks": [[45, 81], [139, 81], [94, 108], [60, 199], [138, 198]]}, "frame14.jpg": {"driver_state": "alert", "landmarks": [[61, 109], [156, 108], [117, 146], [74, 210], [150, 208]]}, "frame547.jpg": {"driver_state": "yawning", "landmarks": [[44, 78], [143, 72], [98, 102], [59, 187], [140, 178]]}, "frame287.jpg": {"driver_state": "alert", "landmarks": [[51, 115], [149, 109], [99, 161], [66, 229], [140, 224]]}, "frame455.jpg": {"driver_state": "alert", "landmarks": [[47, 113], [147, 111], [96, 162], [60, 226], [136, 225]]}, "frame545.jpg": {"driver_state": "yawning", "landmarks": [[47, 74], [140, 71], [100, 99], [64, 182], [140, 178]]}, "frame205.jpg": {"driver_state": "alert", "landmarks": [[45, 111], [139, 98], [92, 153], [64, 215], [140, 202]]}, "frame47.jpg": {"driver_state": "alert", "landmarks": [[51, 107], [147, 108], [101, 146], [62, 212], [138, 211]]}, "frame456.jpg": {"driver_state": "alert", "landmarks": [[49, 118], [147, 114], [98, 168], [62, 230], [139, 227]]}, "frame563.jpg": {"driver_state": "alert", "landmarks": [[52, 88], [139, 83], [99, 116], [69, 192], [136, 187]]}, "frame270.jpg": {"driver_state": "alert", "landmarks": [[52, 115], [149, 113], [99, 158], [66, 226], [142, 223]]}, "frame297.jpg": {"driver_state": "alert", "landmarks": [[51, 115], [150, 110], [100, 161], [67, 229], [141, 224]]}, "frame186.jpg": {"driver_state": "yawning", "landmarks": [[44, 127], [143, 113], [90, 185], [74, 251], [142, 239]]}, "frame1.jpg": {"driver_state": "alert", "landmarks": [[72, 103], [166, 108], [133, 145], [83, 206], [158, 210]]}, "frame551.jpg": {"driver_state": "yawning", "landmarks": [[50, 84], [146, 80], [105, 107], [68, 193], [146, 189]]}, "frame199.jpg": {"driver_state": "alert", "landmarks": [[40, 112], [139, 95], [90, 149], [65, 219], [144, 203]]}, "frame536.jpg": {"driver_state": "yawning", "landmarks": [[51, 78], [137, 75], [98, 102], [67, 181], [138, 178]]}, "frame38.jpg": {"driver_state": "alert", "landmarks": [[51, 107], [148, 107], [102, 145], [63, 213], [140, 213]]}, "frame515.jpg": {"driver_state": "yawning", "landmarks": [[53, 102], [147, 92], [103, 126], [74, 220], [148, 212]]}, "frame602.jpg": {"driver_state": "alert", "landmarks": [[41, 116], [134, 110], [80, 162], [55, 229], [126, 223]]}, "frame12.jpg": {"driver_state": "alert", "landmarks": [[63, 111], [157, 111], [119, 150], [76, 212], [150, 211]]}, "frame359.jpg": {"driver_state": "yawning", "landmarks": [[41, 84], [136, 84], [100, 110], [62, 199], [142, 198]]}, "frame40.jpg": {"driver_state": "alert", "landmarks": [[50, 107], [147, 106], [102, 145], [63, 212], [139, 210]]}, "frame316.jpg": {"driver_state": "yawning", "landmarks": [[53, 100], [145, 92], [101, 134], [76, 223], [144, 218]]}, "frame494.jpg": {"driver_state": "alert", "landmarks": [[52, 124], [152, 118], [102, 182], [69, 242], [149, 237]]}, "frame485.jpg": {"driver_state": "alert", "landmarks": [[52, 124], [149, 118], [99, 178], [67, 239], [146, 233]]}, "frame37.jpg": {"driver_state": "alert", "landmarks": [[52, 108], [149, 107], [104, 145], [64, 213], [142, 212]]}, "frame84.jpg": {"driver_state": "yawning", "landmarks": [[48, 91], [138, 83], [95, 116], [67, 203], [140, 197]]}, "frame599.jpg": {"driver_state": "alert", "landmarks": [[41, 109], [135, 104], [83, 153], [57, 222], [129, 219]]}, "frame296.jpg": {"driver_state": "alert", "landmarks": [[51, 115], [150, 110], [100, 160], [67, 228], [141, 224]]}, "frame425.jpg": {"driver_state": "alert", "landmarks": [[46, 113], [145, 108], [93, 162], [62, 228], [137, 223]]}, "frame218.jpg": {"driver_state": "alert", "landmarks": [[44, 113], [141, 107], [86, 163], [59, 223], [135, 217]]}, "frame396.jpg": {"driver_state": "alert", "landmarks": [[41, 108], [144, 99], [89, 137], [59, 220], [138, 211]]}, "frame466.jpg": {"driver_state": "alert", "landmarks": [[53, 116], [150, 112], [101, 165], [66, 230], [139, 227]]}, "frame326.jpg": {"driver_state": "yawning", "landmarks": [[49, 95], [143, 91], [99, 120], [64, 216], [140, 212]]}, "frame429.jpg": {"driver_state": "alert", "landmarks": [[51, 115], [147, 111], [98, 164], [64, 229], [140, 225]]}, "frame302.jpg": {"driver_state": "alert", "landmarks": [[51, 113], [150, 109], [100, 158], [67, 226], [142, 222]]}, "frame464.jpg": {"driver_state": "alert", "landmarks": [[47, 113], [147, 111], [96, 161], [61, 226], [136, 224]]}, "frame292.jpg": {"driver_state": "alert", "landmarks": [[50, 117], [149, 111], [98, 162], [66, 229], [141, 224]]}, "frame89.jpg": {"driver_state": "yawning", "landmarks": [[44, 90], [137, 82], [92, 109], [63, 197], [138, 190]]}, "frame350.jpg": {"driver_state": "yawning", "landmarks": [[47, 78], [143, 77], [103, 100], [61, 197], [144, 195]]}, "frame593.jpg": {"driver_state": "alert", "landmarks": [[46, 109], [139, 106], [88, 157], [58, 224], [130, 221]]}, "frame458.jpg": {"driver_state": "alert", "landmarks": [[50, 117], [148, 114], [98, 167], [62, 230], [140, 227]]}, "frame342.jpg": {"driver_state": "yawning", "landmarks": [[47, 80], [144, 80], [101, 103], [61, 197], [143, 195]]}, "frame259.jpg": {"driver_state": "alert", "landmarks": [[53, 111], [150, 108], [102, 153], [66, 222], [140, 220]]}, "frame508.jpg": {"driver_state": "yawning", "landmarks": [[51, 102], [145, 94], [102, 129], [74, 222], [147, 216]]}, "frame183.jpg": {"driver_state": "yawning", "landmarks": [[47, 130], [149, 115], [97, 187], [76, 251], [146, 239]]}, "frame4.jpg": {"driver_state": "alert", "landmarks": [[69, 104], [164, 105], [131, 143], [83, 206], [159, 206]]}, "frame76.jpg": {"driver_state": "yawning", "landmarks": [[51, 105], [145, 99], [102, 129], [70, 221], [144, 216]]}, "frame413.jpg": {"driver_state": "alert", "landmarks": [[48, 116], [145, 110], [94, 165], [65, 231], [138, 226]]}, "frame29.jpg": {"driver_state": "alert", "landmarks": [[51, 109], [148, 107], [102, 145], [65, 214], [141, 211]]}, "frame6.jpg": {"driver_state": "alert", "landmarks": [[66, 105], [159, 108], [127, 144], [79, 207], [153, 209]]}, "frame112.jpg": {"driver_state": "yawning", "landmarks": [[45, 68], [138, 65], [98, 82], [58, 180], [135, 176]]}, "frame229.jpg": {"driver_state": "alert", "landmarks": [[47, 114], [144, 109], [93, 166], [62, 227], [136, 223]]}, "frame123.jpg": {"driver_state": "yawning", "landmarks": [[50, 73], [142, 76], [102, 93], [58, 184], [135, 186]]}, "frame198.jpg": {"driver_state": "alert", "landmarks": [[41, 113], [138, 97], [89, 149], [65, 222], [142, 208]]}, "frame275.jpg": {"driver_state": "alert", "landmarks": [[51, 116], [148, 111], [98, 158], [66, 227], [142, 223]]}, "frame442.jpg": {"driver_state": "alert", "landmarks": [[49, 116], [145, 108], [97, 166], [66, 230], [139, 223]]}, "frame277.jpg": {"driver_state": "alert", "landmarks": [[52, 116], [148, 112], [99, 158], [66, 226], [142, 223]]}, "frame174.jpg": {"driver_state": "yawning", "landmarks": [[51, 122], [152, 117], [102, 178], [72, 249], [149, 245]]}, "frame194.jpg": {"driver_state": "yawning", "landmarks": [[45, 119], [142, 105], [90, 164], [72, 240], [140, 229]]}, "frame574.jpg": {"driver_state": "alert", "landmarks": [[47, 106], [143, 98], [93, 142], [61, 214], [138, 207]]}, "frame171.jpg": {"driver_state": "yawning", "landmarks": [[53, 122], [153, 118], [103, 181], [73, 249], [149, 247]]}, "frame31.jpg": {"driver_state": "alert", "landmarks": [[50, 108], [148, 106], [101, 145], [64, 213], [141, 210]]}, "frame529.jpg": {"driver_state": "yawning", "landmarks": [[55, 78], [140, 74], [103, 103], [73, 181], [142, 177]]}, "frame286.jpg": {"driver_state": "alert", "landmarks": [[50, 113], [149, 108], [99, 158], [66, 228], [140, 223]]}, "frame366.jpg": {"driver_state": "yawning", "landmarks": [[47, 80], [144, 74], [98, 107], [65, 201], [142, 195]]}, "frame584.jpg": {"driver_state": "alert", "landmarks": [[42, 106], [137, 103], [83, 154], [56, 220], [126, 217]]}, "frame575.jpg": {"driver_state": "alert", "landmarks": [[46, 105], [142, 98], [91, 143], [59, 214], [137, 208]]}, "frame523.jpg": {"driver_state": "yawning", "landmarks": [[56, 83], [140, 77], [102, 110], [74, 186], [140, 181]]}, "frame436.jpg": {"driver_state": "alert", "landmarks": [[50, 117], [146, 108], [99, 166], [68, 231], [140, 223]]}, "frame365.jpg": {"driver_state": "yawning", "landmarks": [[46, 87], [143, 82], [98, 110], [63, 204], [144, 199]]}, "frame251.jpg": {"driver_state": "alert", "landmarks": [[49, 109], [147, 108], [95, 153], [61, 220], [137, 218]]}, "frame13.jpg": {"driver_state": "alert", "landmarks": [[63, 111], [157, 109], [119, 148], [76, 211], [151, 209]]}, "frame440.jpg": {"driver_state": "alert", "landmarks": [[49, 116], [145, 108], [97, 165], [66, 230], [139, 223]]}, "frame178.jpg": {"driver_state": "yawning", "landmarks": [[49, 128], [153, 115], [103, 188], [76, 248], [147, 238]]}, "frame25.jpg": {"driver_state": "alert", "landmarks": [[53, 109], [150, 105], [106, 146], [68, 213], [144, 208]]}, "frame623.jpg": {"driver_state": "alert", "landmarks": [[56, 110], [152, 114], [104, 156], [62, 222], [138, 225]]}, "frame101.jpg": {"driver_state": "yawning", "landmarks": [[47, 84], [139, 78], [94, 98], [59, 190], [139, 183]]}, "frame330.jpg": {"driver_state": "yawning", "landmarks": [[46, 84], [139, 83], [95, 109], [60, 203], [138, 201]]}, "frame380.jpg": {"driver_state": "yawning", "landmarks": [[54, 83], [144, 78], [107, 100], [74, 195], [151, 190]]}, "frame469.jpg": {"driver_state": "alert", "landmarks": [[52, 115], [149, 110], [102, 163], [66, 227], [139, 224]]}, "frame410.jpg": {"driver_state": "alert", "landmarks": [[49, 121], [146, 114], [95, 165], [65, 237], [141, 230]]}, "frame106.jpg": {"driver_state": "yawning", "landmarks": [[46, 81], [136, 81], [101, 98], [61, 187], [140, 185]]}, "frame124.jpg": {"driver_state": "yawning", "landmarks": [[51, 73], [142, 75], [100, 91], [58, 185], [137, 185]]}, "frame402.jpg": {"driver_state": "alert", "landmarks": [[48, 114], [143, 104], [91, 151], [62, 228], [137, 221]]}, "frame320.jpg": {"driver_state": "yawning", "landmarks": [[51, 106], [144, 97], [99, 134], [73, 225], [143, 218]]}, "frame314.jpg": {"driver_state": "yawning", "landmarks": [[53, 109], [148, 99], [102, 145], [77, 232], [146, 224]]}, "frame344.jpg": {"driver_state": "yawning", "landmarks": [[45, 83], [143, 81], [100, 104], [61, 201], [146, 197]]}, "frame452.jpg": {"driver_state": "alert", "landmarks": [[52, 116], [150, 111], [101, 167], [66, 232], [139, 227]]}, "frame111.jpg": {"driver_state": "yawning", "landmarks": [[46, 67], [138, 68], [101, 88], [61, 180], [138, 179]]}, "frame317.jpg": {"driver_state": "yawning", "landmarks": [[55, 102], [147, 94], [104, 135], [80, 225], [148, 219]]}, "frame17.jpg": {"driver_state": "alert", "landmarks": [[59, 109], [154, 108], [114, 146], [73, 211], [149, 208]]}, "frame595.jpg": {"driver_state": "alert", "landmarks": [[45, 111], [139, 106], [88, 155], [59, 224], [131, 219]]}, "frame15.jpg": {"driver_state": "alert", "landmarks": [[60, 110], [155, 110], [116, 147], [72, 211], [149, 210]]}, "frame224.jpg": {"driver_state": "alert", "landmarks": [[44, 114], [142, 109], [88, 164], [60, 226], [134, 221]]}, "frame383.jpg": {"driver_state": "yawning", "landmarks": [[52, 88], [143, 83], [106, 105], [71, 204], [149, 199]]}, "frame305.jpg": {"driver_state": "alert", "landmarks": [[52, 114], [151, 109], [102, 158], [68, 229], [142, 225]]}, "frame77.jpg": {"driver_state": "yawning", "landmarks": [[50, 103], [143, 96], [101, 128], [70, 219], [144, 212]]}, "frame180.jpg": {"driver_state": "yawning", "landmarks": [[48, 130], [153, 117], [103, 191], [76, 250], [148, 241]]}, "frame294.jpg": {"driver_state": "alert", "landmarks": [[52, 115], [151, 111], [100, 162], [66, 229], [141, 225]]}, "frame376.jpg": {"driver_state": "yawning", "landmarks": [[51, 84], [144, 79], [104, 106], [70, 203], [147, 198]]}, "frame321.jpg": {"driver_state": "yawning", "landmarks": [[52, 103], [143, 95], [98, 132], [72, 222], [142, 215]]}, "frame21.jpg": {"driver_state": "alert", "landmarks": [[57, 108], [154, 107], [110, 147], [69, 212], [146, 210]]}, "frame284.jpg": {"driver_state": "alert", "landmarks": [[51, 114], [149, 109], [99, 159], [66, 228], [141, 223]]}, "frame357.jpg": {"driver_state": "yawning", "landmarks": [[46, 77], [142, 80], [102, 104], [61, 196], [141, 198]]}, "frame504.jpg": {"driver_state": "yawning", "landmarks": [[56, 101], [151, 96], [109, 136], [78, 225], [148, 222]]}, "frame564.jpg": {"driver_state": "alert", "landmarks": [[55, 96], [148, 84], [105, 120], [71, 200], [147, 192]]}, "frame567.jpg": {"driver_state": "alert", "landmarks": [[52, 96], [148, 86], [102, 122], [66, 200], [145, 192]]}, "frame499.jpg": {"driver_state": "yawning", "landmarks": [[51, 126], [149, 118], [101, 174], [71, 243], [144, 236]]}, "frame55.jpg": {"driver_state": "alert", "landmarks": [[51, 107], [146, 109], [101, 146], [61, 211], [137, 212]]}, "frame556.jpg": {"driver_state": "yawning", "landmarks": [[52, 78], [141, 76], [97, 110], [65, 188], [135, 187]]}, "frame98.jpg": {"driver_state": "yawning", "landmarks": [[45, 86], [136, 76], [91, 97], [59, 193], [139, 183]]}, "frame426.jpg": {"driver_state": "alert", "landmarks": [[53, 115], [149, 112], [100, 166], [65, 230], [141, 227]]}, "frame546.jpg": {"driver_state": "yawning", "landmarks": [[45, 77], [141, 72], [98, 100], [62, 184], [139, 177]]}, "frame393.jpg": {"driver_state": "alert", "landmarks": [[42, 100], [143, 93], [91, 127], [60, 210], [138, 203]]}, "frame283.jpg": {"driver_state": "alert", "landmarks": [[46, 112], [145, 107], [93, 156], [62, 225], [138, 220]]}, "frame82.jpg": {"driver_state": "yawning", "landmarks": [[46, 97], [137, 90], [93, 120], [63, 210], [137, 203]]}, "frame181.jpg": {"driver_state": "yawning", "landmarks": [[48, 131], [152, 118], [101, 192], [76, 251], [147, 242]]}, "frame409.jpg": {"driver_state": "alert", "landmarks": [[46, 115], [146, 108], [93, 155], [62, 233], [141, 228]]}, "frame433.jpg": {"driver_state": "alert", "landmarks": [[51, 117], [147, 108], [100, 166], [69, 231], [142, 224]]}, "frame5.jpg": {"driver_state": "alert", "landmarks": [[69, 103], [163, 106], [131, 142], [81, 206], [157, 207]]}, "frame204.jpg": {"driver_state": "alert", "landmarks": [[39, 111], [135, 97], [87, 146], [58, 213], [138, 200]]}, "frame340.jpg": {"driver_state": "yawning", "landmarks": [[48, 83], [143, 83], [99, 106], [59, 198], [140, 196]]}, "frame361.jpg": {"driver_state": "yawning", "landmarks": [[47, 83], [143, 82], [101, 108], [61, 203], [142, 201]]}, "frame215.jpg": {"driver_state": "alert", "landmarks": [[41, 115], [137, 108], [84, 163], [56, 224], [133, 217]]}, "frame634.jpg": {"driver_state": "alert", "landmarks": [[40, 110], [133, 98], [80, 147], [56, 220], [129, 210]]}, "frame34.jpg": {"driver_state": "alert", "landmarks": [[52, 109], [148, 108], [104, 145], [65, 213], [141, 211]]}, "frame385.jpg": {"driver_state": "yawning", "landmarks": [[43, 88], [135, 82], [94, 109], [64, 205], [141, 199]]}, "frame271.jpg": {"driver_state": "alert", "landmarks": [[48, 109], [146, 105], [95, 153], [63, 221], [138, 217]]}, "frame542.jpg": {"driver_state": "yawning", "landmarks": [[47, 75], [141, 73], [101, 101], [63, 184], [139, 180]]}, "frame522.jpg": {"driver_state": "yawning", "landmarks": [[57, 83], [143, 78], [103, 112], [73, 187], [140, 183]]}, "frame617.jpg": {"driver_state": "alert", "landmarks": [[47, 106], [142, 105], [92, 152], [58, 215], [131, 213]]}, "frame139.jpg": {"driver_state": "yawning", "landmarks": [[49, 102], [141, 92], [94, 117], [61, 210], [138, 200]]}, "frame419.jpg": {"driver_state": "alert", "landmarks": [[47, 114], [146, 108], [95, 162], [63, 229], [138, 224]]}, "frame421.jpg": {"driver_state": "alert", "landmarks": [[47, 115], [146, 109], [94, 163], [63, 230], [138, 224]]}, "frame304.jpg": {"driver_state": "alert", "landmarks": [[52, 114], [150, 110], [100, 159], [67, 228], [141, 224]]}, "frame406.jpg": {"driver_state": "alert", "landmarks": [[48, 118], [146, 110], [94, 163], [65, 236], [139, 229]]}, "frame539.jpg": {"driver_state": "yawning", "landmarks": [[49, 79], [139, 76], [98, 104], [65, 180], [137, 177]]}, "frame293.jpg": {"driver_state": "alert", "landmarks": [[50, 116], [149, 110], [98, 161], [66, 229], [140, 224]]}, "frame427.jpg": {"driver_state": "alert", "landmarks": [[53, 116], [149, 112], [100, 166], [65, 231], [141, 227]]}, "frame86.jpg": {"driver_state": "yawning", "landmarks": [[47, 89], [138, 83], [92, 113], [63, 199], [137, 193]]}, "frame338.jpg": {"driver_state": "yawning", "landmarks": [[46, 84], [142, 84], [98, 108], [59, 204], [141, 201]]}, "frame309.jpg": {"driver_state": "yawning", "landmarks": [[52, 116], [149, 107], [100, 157], [71, 237], [144, 229]]}, "frame23.jpg": {"driver_state": "alert", "landmarks": [[55, 111], [150, 109], [108, 147], [69, 213], [146, 211]]}, "frame364.jpg": {"driver_state": "yawning", "landmarks": [[47, 88], [144, 80], [99, 111], [65, 207], [146, 199]]}, "frame345.jpg": {"driver_state": "yawning", "landmarks": [[45, 84], [143, 80], [101, 103], [61, 202], [146, 197]]}, "frame114.jpg": {"driver_state": "yawning", "landmarks": [[52, 74], [142, 75], [103, 91], [60, 180], [140, 180]]}, "frame533.jpg": {"driver_state": "yawning", "landmarks": [[53, 78], [141, 76], [101, 107], [68, 184], [141, 182]]}, "frame71.jpg": {"driver_state": "yawning", "landmarks": [[53, 107], [147, 103], [104, 133], [69, 219], [144, 215]]}, "frame179.jpg": {"driver_state": "yawning", "landmarks": [[50, 130], [152, 118], [102, 191], [76, 250], [146, 241]]}, "frame477.jpg": {"driver_state": "alert", "landmarks": [[53, 117], [151, 111], [102, 166], [68, 232], [144, 227]]}, "frame327.jpg": {"driver_state": "yawning", "landmarks": [[50, 94], [145, 90], [102, 117], [65, 213], [143, 209]]}, "frame88.jpg": {"driver_state": "yawning", "landmarks": [[61, 88], [156, 79], [112, 111], [75, 200], [152, 194]]}, "frame19.jpg": {"driver_state": "alert", "landmarks": [[56, 106], [151, 106], [109, 145], [68, 209], [144, 208]]}, "frame582.jpg": {"driver_state": "alert", "landmarks": [[44, 109], [141, 103], [90, 154], [60, 222], [132, 217]]}, "frame128.jpg": {"driver_state": "yawning", "landmarks": [[50, 81], [144, 80], [101, 101], [60, 193], [140, 190]]}, "frame73.jpg": {"driver_state": "yawning", "landmarks": [[52, 107], [147, 101], [103, 132], [71, 223], [146, 217]]}, "frame227.jpg": {"driver_state": "alert", "landmarks": [[47, 114], [145, 109], [92, 165], [63, 227], [136, 222]]}, "frame92.jpg": {"driver_state": "yawning", "landmarks": [[49, 83], [134, 74], [92, 107], [67, 191], [136, 183]]}, "frame627.jpg": {"driver_state": "alert", "landmarks": [[52, 110], [150, 112], [101, 165], [62, 227], [136, 228]]}, "frame445.jpg": {"driver_state": "alert", "landmarks": [[52, 116], [148, 110], [101, 167], [66, 230], [140, 225]]}, "frame100.jpg": {"driver_state": "yawning", "landmarks": [[43, 84], [135, 76], [90, 97], [56, 192], [136, 184]]}, "frame392.jpg": {"driver_state": "alert", "landmarks": [[43, 97], [144, 93], [94, 122], [59, 209], [138, 204]]}, "frame33.jpg": {"driver_state": "alert", "landmarks": [[51, 108], [149, 106], [103, 146], [65, 214], [142, 211]]}, "frame496.jpg": {"driver_state": "alert", "landmarks": [[52, 130], [156, 118], [107, 190], [76, 251], [152, 243]]}, "frame576.jpg": {"driver_state": "alert", "landmarks": [[44, 104], [140, 96], [88, 142], [59, 213], [136, 206]]}, "frame195.jpg": {"driver_state": "yawning", "landmarks": [[45, 113], [143, 97], [91, 155], [73, 232], [141, 221]]}, "frame538.jpg": {"driver_state": "yawning", "landmarks": [[51, 83], [142, 79], [102, 103], [70, 182], [145, 177]]}, "frame121.jpg": {"driver_state": "yawning", "landmarks": [[45, 78], [138, 79], [101, 94], [61, 183], [139, 183]]}, "frame391.jpg": {"driver_state": "alert", "landmarks": [[42, 102], [141, 91], [91, 128], [59, 214], [137, 206]]}, "frame245.jpg": {"driver_state": "alert", "landmarks": [[51, 110], [148, 108], [97, 156], [62, 220], [138, 217]]}, "frame506.jpg": {"driver_state": "yawning", "landmarks": [[54, 109], [150, 102], [107, 142], [74, 230], [147, 223]]}, "frame83.jpg": {"driver_state": "yawning", "landmarks": [[47, 94], [138, 90], [93, 119], [62, 207], [137, 201]]}, "frame228.jpg": {"driver_state": "alert", "landmarks": [[47, 115], [145, 110], [93, 167], [62, 228], [136, 224]]}, "frame90.jpg": {"driver_state": "yawning", "landmarks": [[47, 83], [133, 73], [90, 106], [65, 190], [135, 182]]}, "frame323.jpg": {"driver_state": "yawning", "landmarks": [[53, 93], [143, 85], [100, 122], [74, 215], [142, 210]]}, "frame231.jpg": {"driver_state": "alert", "landmarks": [[48, 113], [146, 108], [95, 165], [63, 227], [137, 223]]}, "frame586.jpg": {"driver_state": "alert", "landmarks": [[47, 111], [142, 104], [93, 160], [64, 226], [132, 221]]}, "frame211.jpg": {"driver_state": "alert", "landmarks": [[42, 117], [137, 108], [85, 163], [57, 225], [136, 216]]}, "frame370.jpg": {"driver_state": "yawning", "landmarks": [[45, 86], [142, 78], [94, 101], [61, 205], [142, 197]]}, "frame566.jpg": {"driver_state": "alert", "landmarks": [[49, 93], [139, 87], [95, 120], [64, 194], [134, 189]]}, "frame3.jpg": {"driver_state": "alert", "landmarks": [[70, 106], [162, 107], [132, 145], [83, 207], [156, 209]]}, "frame474.jpg": {"driver_state": "alert", "landmarks": [[52, 115], [149, 110], [101, 166], [66, 230], [139, 226]]}, "frame176.jpg": {"driver_state": "yawning", "landmarks": [[50, 126], [151, 115], [101, 187], [75, 246], [145, 237]]}, "frame28.jpg": {"driver_state": "alert", "landmarks": [[51, 108], [149, 106], [103, 146], [65, 213], [142, 210]]}, "frame197.jpg": {"driver_state": "alert", "landmarks": [[41, 116], [139, 101], [90, 154], [65, 228], [140, 216]]}, "frame201.jpg": {"driver_state": "alert", "landmarks": [[45, 115], [139, 98], [93, 150], [66, 217], [146, 202]]}, "frame379.jpg": {"driver_state": "yawning", "landmarks": [[51, 84], [142, 77], [105, 100], [72, 197], [150, 191]]}, "frame363.jpg": {"driver_state": "yawning", "landmarks": [[48, 87], [146, 81], [101, 109], [64, 205], [145, 199]]}, "frame620.jpg": {"driver_state": "alert", "landmarks": [[49, 108], [146, 109], [95, 154], [59, 218], [132, 217]]}, "frame313.jpg": {"driver_state": "yawning", "landmarks": [[52, 110], [148, 99], [102, 146], [76, 231], [147, 223]]}, "frame300.jpg": {"driver_state": "alert", "landmarks": [[51, 114], [151, 110], [100, 158], [66, 226], [142, 222]]}, "frame484.jpg": {"driver_state": "alert", "landmarks": [[53, 123], [149, 116], [101, 177], [68, 237], [146, 231]]}, "frame212.jpg": {"driver_state": "alert", "landmarks": [[40, 112], [137, 103], [84, 160], [57, 219], [133, 210]]}, "frame276.jpg": {"driver_state": "alert", "landmarks": [[51, 115], [148, 111], [98, 156], [66, 226], [142, 222]]}, "frame394.jpg": {"driver_state": "alert", "landmarks": [[42, 103], [142, 96], [90, 129], [60, 213], [138, 205]]}, "frame498.jpg": {"driver_state": "alert", "landmarks": [[56, 126], [152, 117], [105, 180], [74, 242], [146, 235]]}, "frame39.jpg": {"driver_state": "alert", "landmarks": [[51, 108], [148, 108], [102, 147], [63, 214], [140, 212]]}, "frame166.jpg": {"driver_state": "yawning", "landmarks": [[51, 127], [150, 122], [99, 187], [69, 247], [144, 243]]}, "frame299.jpg": {"driver_state": "alert", "landmarks": [[51, 114], [150, 109], [99, 160], [66, 227], [141, 223]]}, "frame360.jpg": {"driver_state": "yawning", "landmarks": [[41, 85], [138, 83], [102, 109], [63, 202], [144, 199]]}, "frame374.jpg": {"driver_state": "yawning", "landmarks": [[48, 84], [141, 79], [101, 106], [66, 202], [142, 198]]}, "frame247.jpg": {"driver_state": "alert", "landmarks": [[52, 109], [150, 107], [99, 156], [64, 220], [140, 217]]}, "frame45.jpg": {"driver_state": "alert", "landmarks": [[50, 109], [146, 110], [100, 148], [61, 213], [137, 213]]}, "frame230.jpg": {"driver_state": "alert", "landmarks": [[48, 115], [146, 110], [94, 168], [63, 228], [137, 224]]}, "frame117.jpg": {"driver_state": "yawning", "landmarks": [[45, 77], [138, 77], [102, 91], [61, 183], [141, 182]]}, "frame46.jpg": {"driver_state": "alert", "landmarks": [[50, 107], [147, 108], [101, 145], [61, 211], [138, 211]]}, "frame278.jpg": {"driver_state": "alert", "landmarks": [[51, 115], [148, 111], [99, 156], [66, 226], [142, 223]]}, "frame597.jpg": {"driver_state": "alert", "landmarks": [[43, 110], [135, 104], [84, 153], [56, 223], [129, 217]]}, "frame432.jpg": {"driver_state": "alert", "landmarks": [[50, 118], [146, 109], [99, 167], [68, 232], [140, 225]]}, "frame329.jpg": {"driver_state": "yawning", "landmarks": [[50, 90], [145, 86], [103, 115], [66, 210], [144, 206]]}, "frame95.jpg": {"driver_state": "yawning", "landmarks": [[46, 86], [138, 80], [93, 101], [60, 195], [140, 187]]}, "frame133.jpg": {"driver_state": "yawning", "landmarks": [[48, 90], [140, 81], [95, 107], [60, 198], [141, 189]]}, "frame608.jpg": {"driver_state": "alert", "landmarks": [[41, 109], [136, 106], [79, 157], [54, 219], [126, 216]]}, "frame97.jpg": {"driver_state": "yawning", "landmarks": [[44, 85], [135, 75], [90, 96], [58, 192], [138, 182]]}, "frame375.jpg": {"driver_state": "yawning", "landmarks": [[49, 81], [141, 79], [102, 106], [67, 201], [143, 198]]}, "frame136.jpg": {"driver_state": "yawning", "landmarks": [[46, 100], [136, 83], [90, 111], [60, 207], [140, 191]]}, "frame129.jpg": {"driver_state": "yawning", "landmarks": [[49, 84], [142, 81], [99, 103], [59, 193], [139, 189]]}, "frame337.jpg": {"driver_state": "yawning", "landmarks": [[45, 85], [140, 83], [97, 107], [60, 205], [140, 201]]}, "frame548.jpg": {"driver_state": "yawning", "landmarks": [[43, 75], [142, 70], [97, 101], [58, 186], [139, 179]]}, "frame303.jpg": {"driver_state": "alert", "landmarks": [[51, 114], [150, 109], [100, 159], [67, 228], [141, 224]]}, "frame579.jpg": {"driver_state": "alert", "landmarks": [[42, 107], [134, 100], [86, 147], [59, 218], [129, 213]]}, "frame141.jpg": {"driver_state": "yawning", "landmarks": [[47, 104], [142, 96], [96, 125], [63, 209], [141, 201]]}, "frame607.jpg": {"driver_state": "alert", "landmarks": [[40, 110], [135, 107], [78, 159], [52, 221], [126, 218]]}, "frame476.jpg": {"driver_state": "alert", "landmarks": [[52, 116], [150, 109], [102, 165], [67, 231], [142, 226]]}, "frame612.jpg": {"driver_state": "alert", "landmarks": [[42, 108], [137, 105], [82, 152], [54, 216], [128, 213]]}, "frame592.jpg": {"driver_state": "alert", "landmarks": [[44, 111], [137, 107], [85, 155], [57, 224], [128, 220]]}, "frame233.jpg": {"driver_state": "alert", "landmarks": [[48, 114], [146, 109], [94, 165], [62, 227], [137, 223]]}, "frame319.jpg": {"driver_state": "yawning", "landmarks": [[52, 107], [145, 99], [99, 138], [73, 229], [143, 221]]}, "frame609.jpg": {"driver_state": "alert", "landmarks": [[41, 108], [136, 106], [79, 156], [54, 218], [126, 216]]}, "frame324.jpg": {"driver_state": "yawning", "landmarks": [[52, 89], [142, 82], [101, 117], [74, 211], [145, 206]]}, "frame333.jpg": {"driver_state": "yawning", "landmarks": [[45, 89], [141, 85], [96, 108], [60, 207], [142, 202]]}, "frame557.jpg": {"driver_state": "yawning", "landmarks": [[52, 79], [141, 78], [97, 113], [65, 188], [133, 187]]}, "frame130.jpg": {"driver_state": "yawning", "landmarks": [[46, 77], [139, 71], [94, 99], [61, 189], [134, 183]]}, "frame583.jpg": {"driver_state": "alert", "landmarks": [[46, 107], [138, 101], [90, 150], [61, 221], [131, 215]]}, "frame66.jpg": {"driver_state": "yawning", "landmarks": [[52, 108], [147, 102], [101, 137], [70, 218], [143, 212]]}, "frame93.jpg": {"driver_state": "yawning", "landmarks": [[51, 81], [134, 72], [95, 106], [68, 188], [137, 182]]}, "frame573.jpg": {"driver_state": "alert", "landmarks": [[50, 105], [145, 97], [96, 140], [64, 213], [141, 206]]}, "frame619.jpg": {"driver_state": "alert", "landmarks": [[47, 105], [144, 104], [95, 152], [58, 215], [132, 213]]}, "frame552.jpg": {"driver_state": "yawning", "landmarks": [[46, 73], [142, 70], [102, 102], [63, 186], [140, 183]]}, "frame510.jpg": {"driver_state": "yawning", "landmarks": [[50, 98], [143, 90], [101, 127], [75, 221], [146, 216]]}, "frame415.jpg": {"driver_state": "alert", "landmarks": [[50, 120], [147, 115], [97, 170], [66, 236], [141, 231]]}, "frame219.jpg": {"driver_state": "alert", "landmarks": [[44, 112], [142, 107], [86, 161], [59, 222], [135, 217]]}, "frame540.jpg": {"driver_state": "yawning", "landmarks": [[46, 76], [139, 74], [99, 102], [62, 182], [137, 179]]}, "frame414.jpg": {"driver_state": "alert", "landmarks": [[49, 118], [147, 110], [97, 168], [68, 235], [140, 228]]}, "frame20.jpg": {"driver_state": "alert", "landmarks": [[59, 107], [157, 106], [114, 146], [71, 211], [148, 210]]}, "frame335.jpg": {"driver_state": "yawning", "landmarks": [[45, 87], [141, 83], [98, 107], [62, 208], [143, 203]]}, "frame526.jpg": {"driver_state": "yawning", "landmarks": [[53, 81], [137, 75], [99, 104], [72, 181], [139, 176]]}, "frame51.jpg": {"driver_state": "alert", "landmarks": [[49, 106], [146, 108], [101, 146], [61, 211], [138, 211]]}, "frame234.jpg": {"driver_state": "alert", "landmarks": [[47, 115], [145, 110], [92, 165], [63, 228], [137, 223]]}, "frame532.jpg": {"driver_state": "yawning", "landmarks": [[53, 78], [139, 72], [101, 102], [72, 180], [143, 175]]}, "frame486.jpg": {"driver_state": "alert", "landmarks": [[52, 124], [151, 119], [99, 181], [67, 240], [147, 236]]}, "frame354.jpg": {"driver_state": "yawning", "landmarks": [[44, 82], [141, 81], [100, 107], [60, 203], [141, 201]]}, "frame457.jpg": {"driver_state": "alert", "landmarks": [[49, 117], [148, 114], [98, 168], [62, 231], [139, 228]]}, "frame524.jpg": {"driver_state": "yawning", "landmarks": [[56, 83], [140, 78], [101, 107], [72, 183], [139, 179]]}, "frame295.jpg": {"driver_state": "alert", "landmarks": [[52, 115], [151, 111], [100, 162], [66, 229], [141, 225]]}, "frame544.jpg": {"driver_state": "yawning", "landmarks": [[46, 74], [142, 71], [101, 99], [63, 184], [140, 180]]}, "frame537.jpg": {"driver_state": "yawning", "landmarks": [[50, 77], [137, 73], [97, 101], [66, 178], [137, 175]]}, "frame468.jpg": {"driver_state": "alert", "landmarks": [[53, 114], [150, 109], [102, 162], [66, 227], [140, 223]]}, "frame534.jpg": {"driver_state": "yawning", "landmarks": [[52, 79], [142, 76], [100, 106], [68, 184], [141, 181]]}, "frame54.jpg": {"driver_state": "alert", "landmarks": [[50, 107], [146, 107], [101, 147], [63, 213], [138, 213]]}, "frame280.jpg": {"driver_state": "alert", "landmarks": [[52, 115], [148, 112], [99, 156], [66, 226], [142, 223]]}, "frame431.jpg": {"driver_state": "alert", "landmarks": [[50, 115], [146, 111], [98, 164], [64, 229], [140, 224]]}, "frame264.jpg": {"driver_state": "alert", "landmarks": [[53, 111], [149, 109], [100, 154], [65, 222], [140, 220]]}, "frame331.jpg": {"driver_state": "yawning", "landmarks": [[46, 81], [138, 81], [95, 106], [62, 200], [138, 198]]}, "frame131.jpg": {"driver_state": "yawning", "landmarks": [[46, 78], [140, 74], [95, 101], [60, 188], [135, 184]]}, "frame318.jpg": {"driver_state": "yawning", "landmarks": [[55, 97], [147, 89], [102, 129], [78, 219], [147, 213]]}, "frame630.jpg": {"driver_state": "alert", "landmarks": [[46, 118], [142, 113], [92, 169], [61, 232], [136, 227]]}, "frame261.jpg": {"driver_state": "alert", "landmarks": [[53, 111], [149, 109], [101, 154], [66, 222], [140, 220]]}, "frame497.jpg": {"driver_state": "alert", "landmarks": [[52, 130], [156, 119], [107, 186], [76, 251], [152, 242]]}, "frame603.jpg": {"driver_state": "alert", "landmarks": [[42, 111], [136, 107], [81, 161], [55, 224], [127, 220]]}, "frame453.jpg": {"driver_state": "alert", "landmarks": [[47, 113], [146, 109], [95, 162], [61, 227], [136, 224]]}, "frame420.jpg": {"driver_state": "alert", "landmarks": [[47, 114], [146, 109], [95, 162], [63, 229], [138, 224]]}, "frame246.jpg": {"driver_state": "alert", "landmarks": [[53, 114], [148, 111], [100, 158], [65, 223], [141, 220]]}, "frame322.jpg": {"driver_state": "yawning", "landmarks": [[52, 99], [145, 92], [100, 129], [72, 221], [142, 214]]}, "frame587.jpg": {"driver_state": "alert", "landmarks": [[43, 110], [138, 106], [86, 158], [59, 223], [128, 219]]}, "frame285.jpg": {"driver_state": "alert", "landmarks": [[46, 112], [144, 106], [93, 155], [62, 224], [137, 219]]}, "frame263.jpg": {"driver_state": "alert", "landmarks": [[53, 111], [149, 109], [101, 153], [65, 222], [140, 220]]}, "frame594.jpg": {"driver_state": "alert", "landmarks": [[46, 111], [139, 106], [89, 156], [60, 224], [132, 220]]}, "frame577.jpg": {"driver_state": "alert", "landmarks": [[43, 104], [138, 96], [85, 143], [57, 214], [133, 207]]}, "frame558.jpg": {"driver_state": "yawning", "landmarks": [[53, 88], [146, 81], [103, 113], [69, 195], [144, 189]]}, "frame339.jpg": {"driver_state": "yawning", "landmarks": [[47, 85], [142, 83], [99, 109], [61, 203], [142, 199]]}, "frame256.jpg": {"driver_state": "alert", "landmarks": [[49, 108], [147, 107], [96, 152], [62, 219], [136, 218]]}, "frame605.jpg": {"driver_state": "alert", "landmarks": [[40, 111], [135, 108], [79, 160], [53, 222], [126, 218]]}, "frame373.jpg": {"driver_state": "yawning", "landmarks": [[47, 83], [140, 80], [99, 109], [67, 203], [142, 200]]}, "frame65.jpg": {"driver_state": "yawning", "landmarks": [[52, 110], [147, 106], [101, 142], [68, 220], [141, 216]]}, "frame288.jpg": {"driver_state": "alert", "landmarks": [[51, 116], [150, 110], [100, 162], [67, 230], [141, 225]]}, "frame372.jpg": {"driver_state": "yawning", "landmarks": [[46, 84], [138, 79], [98, 108], [66, 202], [141, 198]]}, "frame601.jpg": {"driver_state": "alert", "landmarks": [[42, 112], [137, 107], [82, 161], [57, 225], [128, 221]]}, "frame423.jpg": {"driver_state": "alert", "landmarks": [[46, 114], [145, 108], [94, 162], [62, 229], [137, 224]]}, "frame216.jpg": {"driver_state": "alert", "landmarks": [[41, 113], [137, 105], [83, 161], [57, 223], [134, 218]]}, "frame424.jpg": {"driver_state": "alert", "landmarks": [[46, 113], [145, 108], [94, 162], [62, 229], [137, 224]]}, "frame307.jpg": {"driver_state": "yawning", "landmarks": [[53, 118], [152, 109], [103, 158], [71, 239], [145, 231]]}, "frame243.jpg": {"driver_state": "alert", "landmarks": [[51, 108], [149, 107], [98, 156], [62, 219], [137, 217]]}, "frame578.jpg": {"driver_state": "alert", "landmarks": [[43, 106], [138, 97], [85, 147], [58, 217], [133, 210]]}, "frame403.jpg": {"driver_state": "alert", "landmarks": [[45, 111], [144, 103], [92, 146], [61, 230], [140, 225]]}, "frame225.jpg": {"driver_state": "alert", "landmarks": [[45, 113], [142, 109], [89, 164], [60, 225], [134, 221]]}, "frame604.jpg": {"driver_state": "alert", "landmarks": [[41, 112], [136, 108], [80, 161], [54, 224], [127, 220]]}, "frame67.jpg": {"driver_state": "yawning", "landmarks": [[54, 106], [148, 102], [103, 135], [71, 216], [144, 211]]}, "frame624.jpg": {"driver_state": "alert", "landmarks": [[55, 112], [154, 117], [104, 165], [62, 228], [136, 231]]}, "frame521.jpg": {"driver_state": "yawning", "landmarks": [[56, 83], [143, 79], [103, 113], [73, 193], [140, 189]]}, "frame570.jpg": {"driver_state": "alert", "landmarks": [[52, 102], [147, 92], [100, 129], [66, 206], [144, 197]]}, "frame615.jpg": {"driver_state": "alert", "landmarks": [[46, 106], [141, 105], [89, 151], [57, 215], [130, 213]]}, "frame487.jpg": {"driver_state": "alert", "landmarks": [[51, 125], [150, 120], [99, 180], [66, 241], [148, 237]]}, "frame479.jpg": {"driver_state": "alert", "landmarks": [[51, 118], [149, 111], [100, 169], [68, 232], [143, 226]]}, "frame606.jpg": {"driver_state": "alert", "landmarks": [[40, 110], [135, 107], [78, 159], [53, 220], [126, 217]]}, "frame493.jpg": {"driver_state": "alert", "landmarks": [[53, 124], [155, 118], [104, 184], [71, 243], [151, 238]]}, "frame110.jpg": {"driver_state": "yawning", "landmarks": [[51, 75], [142, 75], [102, 92], [58, 186], [139, 184]]}, "frame535.jpg": {"driver_state": "yawning", "landmarks": [[51, 80], [139, 76], [98, 107], [67, 185], [139, 181]]}, "frame70.jpg": {"driver_state": "yawning", "landmarks": [[54, 106], [147, 101], [104, 134], [73, 216], [145, 211]]}, "frame91.jpg": {"driver_state": "yawning", "landmarks": [[48, 82], [133, 73], [90, 109], [64, 191], [134, 184]]}, "frame184.jpg": {"driver_state": "yawning", "landmarks": [[47, 129], [147, 114], [95, 187], [76, 250], [146, 239]]}, "frame258.jpg": {"driver_state": "alert", "landmarks": [[53, 111], [150, 109], [102, 154], [66, 223], [140, 221]]}, "frame516.jpg": {"driver_state": "yawning", "landmarks": [[51, 92], [143, 83], [102, 117], [74, 207], [143, 201]]}, "frame120.jpg": {"driver_state": "yawning", "landmarks": [[46, 78], [137, 78], [102, 92], [62, 182], [141, 181]]}, "frame140.jpg": {"driver_state": "yawning", "landmarks": [[51, 98], [147, 86], [101, 119], [67, 207], [147, 197]]}, "frame492.jpg": {"driver_state": "alert", "landmarks": [[52, 125], [154, 118], [104, 185], [70, 245], [150, 239]]}, "frame500.jpg": {"driver_state": "yawning", "landmarks": [[51, 119], [149, 115], [100, 166], [68, 236], [142, 232]]}, "frame196.jpg": {"driver_state": "alert", "landmarks": [[41, 117], [139, 102], [90, 155], [67, 232], [138, 220]]}, "frame203.jpg": {"driver_state": "alert", "landmarks": [[44, 113], [137, 97], [91, 149], [65, 215], [144, 200]]}, "frame449.jpg": {"driver_state": "alert", "landmarks": [[51, 117], [147, 111], [99, 167], [66, 231], [139, 226]]}, "frame614.jpg": {"driver_state": "alert", "landmarks": [[44, 108], [138, 106], [85, 153], [55, 216], [128, 214]]}, "frame465.jpg": {"driver_state": "alert", "landmarks": [[52, 114], [150, 109], [100, 163], [65, 228], [138, 224]]}, "frame611.jpg": {"driver_state": "alert", "landmarks": [[41, 107], [136, 105], [79, 154], [53, 216], [126, 214]]}, "frame473.jpg": {"driver_state": "alert", "landmarks": [[52, 114], [149, 110], [101, 164], [65, 228], [138, 224]]}, "frame265.jpg": {"driver_state": "alert", "landmarks": [[49, 109], [147, 107], [96, 151], [63, 219], [138, 217]]}, "frame580.jpg": {"driver_state": "alert", "landmarks": [[42, 106], [135, 99], [85, 146], [59, 218], [129, 213]]}, "frame618.jpg": {"driver_state": "alert", "landmarks": [[48, 105], [144, 103], [95, 151], [60, 214], [133, 212]]}, "frame22.jpg": {"driver_state": "alert", "landmarks": [[55, 107], [152, 105], [108, 144], [69, 210], [145, 208]]}, "frame482.jpg": {"driver_state": "alert", "landmarks": [[50, 125], [150, 116], [100, 182], [68, 242], [143, 235]]}, "frame520.jpg": {"driver_state": "yawning", "landmarks": [[56, 82], [144, 79], [102, 114], [72, 198], [138, 195]]}, "frame398.jpg": {"driver_state": "alert", "landmarks": [[44, 112], [142, 102], [90, 144], [60, 225], [135, 216]]}, "frame531.jpg": {"driver_state": "yawning", "landmarks": [[55, 78], [140, 75], [102, 104], [71, 180], [141, 177]]}, "frame289.jpg": {"driver_state": "alert", "landmarks": [[51, 117], [150, 111], [100, 162], [66, 229], [141, 225]]}, "frame407.jpg": {"driver_state": "alert", "landmarks": [[49, 116], [148, 109], [96, 162], [66, 234], [139, 228]]}, "frame137.jpg": {"driver_state": "yawning", "landmarks": [[46, 99], [138, 86], [93, 113], [60, 206], [140, 194]]}, "frame32.jpg": {"driver_state": "alert", "landmarks": [[51, 109], [147, 108], [103, 145], [64, 212], [141, 211]]}, "frame103.jpg": {"driver_state": "yawning", "landmarks": [[47, 83], [138, 79], [96, 98], [62, 190], [142, 185]]}, "frame242.jpg": {"driver_state": "alert", "landmarks": [[50, 109], [147, 106], [97, 155], [62, 218], [137, 216]]}, "frame104.jpg": {"driver_state": "yawning", "landmarks": [[48, 81], [141, 78], [100, 100], [60, 192], [140, 188]]}, "frame315.jpg": {"driver_state": "yawning", "landmarks": [[53, 105], [147, 95], [103, 138], [78, 225], [147, 218]]}, "frame72.jpg": {"driver_state": "yawning", "landmarks": [[52, 107], [146, 100], [103, 132], [71, 221], [145, 215]]}, "frame405.jpg": {"driver_state": "alert", "landmarks": [[47, 117], [145, 110], [95, 160], [65, 235], [138, 228]]}, "frame386.jpg": {"driver_state": "yawning", "landmarks": [[43, 94], [139, 83], [94, 112], [63, 208], [141, 200]]}, "frame244.jpg": {"driver_state": "alert", "landmarks": [[49, 107], [146, 106], [95, 152], [62, 217], [137, 215]]}, "frame125.jpg": {"driver_state": "yawning", "landmarks": [[50, 75], [143, 76], [99, 94], [58, 187], [137, 187]]}}